model,feature,importance,source
ss_virulex_decision_tree,med_task_prob_covid,0.9775376755275834,decision_tree
svis_rulex_decision_tree,stat_mean_abs_dev,0.47515520789671706,decision_tree
ss_virulex_rulefit_selected_6,concept_score_ground_glass_appearance > 0.512484610080719 & concept_score_bilateral_involvement > 0.5316263735294342,0.4427800500651546,rulefit_rule
ss_virulex_rulefit_selected_6,concept_score_absence_of_lobar_consolidation > 0.6652792096138 & concept_score_absence_of_lobar_consolidation > 0.8205206096172333,0.3641539760479689,rulefit_rule
ss_virulex_rulefit_selected_3,concept_score_ground_glass_appearance > 0.512484610080719 & concept_score_ground_glass_appearance > 0.6013173162937164,0.3619205454610865,rulefit_rule
svis_rulex_decision_tree,stat_signal_to_noise,0.3617900444587155,decision_tree
ss_virulex_rulefit_selected_3,concept_score_ground_glass_appearance <= 0.512484610080719 & concept_score_crazy_paving_pattern <= 0.2776744067668915,0.2835752180097114,rulefit_rule
ss_virulex_rulefit_selected_6,concept_score_ground_glass_appearance <= 0.5574992299079895 & concept_score_crazy_paving_pattern <= 0.21913828700780869,0.2597716291215897,rulefit_rule
ss_virulex_rulefit_selected_6,concept_score_ground_glass_appearance <= 0.5107902884483337 & concept_score_crazy_paving_pattern <= 0.32589563727378845,0.2495512082801755,rulefit_rule
ss_virulex_rulefit_selected_6,concept_score_localized_or_diffuse_presentation > 0.6199959218502045 & concept_score_absence_of_lobar_consolidation <= 0.6652792096138,0.2466136564565319,rulefit_rule
ss_virulex_rulefit_selected_3,concept_score_ground_glass_appearance > 0.5107902884483337 & concept_score_ground_glass_appearance > 0.5814769268035889,0.2323222302985319,rulefit_rule
ss_virulex_rulefit_selected_3,concept_score_ground_glass_appearance > 0.5575334429740906,0.2237797787561614,rulefit_rule
ss_virulex_rulefit_selected_6,concept_score_bilateral_involvement > 0.5316263735294342 & concept_score_ground_glass_appearance > 0.5107902884483337,0.2231397230689631,rulefit_rule
ss_virulex_rulefit_selected_3,concept_score_absence_of_lobar_consolidation > 0.8205206096172333 & concept_score_absence_of_lobar_consolidation > 0.6652792096138,0.2198704863088952,rulefit_rule
ss_virulex_rulefit_selected_6,concept_score_bilateral_involvement <= 0.5248996317386627 & concept_score_absence_of_lobar_consolidation <= 0.6962397694587708,0.1977723444973635,rulefit_rule
ss_virulex_rulefit_selected_6,concept_score_absence_of_lobar_consolidation <= 0.6120149791240692 & entropy <= 4.012446641921997,0.1730953479655253,rulefit_rule
ss_virulex_rulefit_selected_6,concept_score_crazy_paving_pattern > 0.2803814262151718,0.1679434151066994,rulefit_rule
ss_virulex_rulefit_selected_6,entropy > 3.837006688117981 & concept_score_absence_of_lobar_consolidation > 0.6120149791240692 & concept_score_crazy_paving_pattern > 0.25136660039424896,0.166283507913616,rulefit_rule
ss_virulex_rulefit_selected_3,concept_score_absence_of_lobar_consolidation > 0.7331579029560089,0.1611030180234733,rulefit_rule
ss_virulex_rulefit_selected_3,concept_score_absence_of_lobar_consolidation > 0.6606996655464172,0.1373570758081588,rulefit_rule
ss_virulex_rulefit_selected_3,concept_score_ground_glass_appearance <= 0.514292985200882,0.137157790000067,rulefit_rule
ss_virulex_rulefit_selected_6,concept_score_absence_of_lobar_consolidation > 0.6606996655464172,0.1330491447427748,rulefit_rule
ss_virulex_rulefit_selected_3,concept_score_absence_of_lobar_consolidation <= 0.6606996655464172,0.1282621254218018,rulefit_rule
ss_virulex_rulefit_selected_6,concept_score_ground_glass_appearance <= 0.5393536984920502,0.1193395415283279,rulefit_rule
ss_virulex_rulefit_selected_6,concept_score_ground_glass_appearance <= 0.512484610080719 & concept_score_crazy_paving_pattern <= 0.2776744067668915,0.1162606355466201,rulefit_rule
svis_rulex_decision_tree,stat_entropy,0.11447679971486129,decision_tree
ss_virulex_rulefit_selected_6,concept_score_absence_of_lobar_consolidation <= 0.7331579029560089,0.1131650559004909,rulefit_rule
ss_virulex_rulefit_selected_6,concept_score_crazy_paving_pattern > 0.26038309931755066 & concept_score_localized_or_diffuse_presentation <= 0.6156596839427948 & concept_score_absence_of_lobar_consolidation > 0.6089189350605011,0.1106578104749194,rulefit_rule
ss_virulex_rulefit_selected_6,concept_score_crazy_paving_pattern <= 0.25136660039424896 & concept_score_absence_of_lobar_consolidation > 0.6120149791240692,0.1028446506691393,rulefit_rule
ss_virulex_rulefit_selected_3,concept_score_absence_of_lobar_consolidation <= 0.6652792096138 & concept_score_ground_glass_appearance > 0.5575923919677734 & concept_score_absence_of_lobar_consolidation > 0.5125385522842407,0.1015872173071078,rulefit_rule
ss_virulex_rulefit_selected_6,concept_score_ground_glass_appearance > 0.5575334429740906,0.0956927827363206,rulefit_rule
ss_virulex_rulefit_selected_3,concept_score_ground_glass_appearance <= 0.5341236293315887,0.0907409024601278,rulefit_rule
ss_virulex_rulefit_selected_6,concept_score_ground_glass_appearance <= 0.580720067024231,0.0849729723205947,rulefit_rule
ss_virulex_rulefit_selected_6,concept_score_crazy_paving_pattern <= 0.32830823957920074,0.0739955216730104,rulefit_rule
ss_virulex_rulefit_selected_6,concept_score_ground_glass_appearance > 0.580720067024231,0.07322250319106,rulefit_rule
ss_virulex_rulefit_selected_6,concept_score_absence_of_lobar_consolidation <= 0.6606996655464172,0.0683218246046481,rulefit_rule
ss_virulex_rulefit_selected_6,concept_score_ground_glass_appearance > 0.5574992299079895,0.0663285719454222,rulefit_rule
svis_rulex_rulefit,coef_of_var > 1.4549120664596558,0.0656355361491466,rulefit_rule
ss_virulex_rulefit_selected_3,concept_score_ground_glass_appearance <= 0.5107902884483337 & concept_score_crazy_paving_pattern <= 0.32589563727378845,0.0619796417615007,rulefit_rule
ss_virulex_rulefit_selected_6,concept_score_ground_glass_appearance <= 0.5111531913280487,0.0525478561823107,rulefit_rule
svis_rulex_rulefit,coef_of_var <= 1.4843271970748901,0.052295806381286,rulefit_rule
ss_virulex_rulefit_selected_6,concept_score_absence_of_lobar_consolidation > 0.7331579029560089,0.0515916630192805,rulefit_rule
svis_rulex_rulefit,coef_of_var <= 1.483989953994751,0.0493590054208663,rulefit_rule
svis_rulex_decision_tree,stat_coef_of_var,0.04857794792970619,decision_tree
ss_virulex_rulefit_selected_3,concept_score_ground_glass_appearance > 0.5341236293315887,0.0467521803547569,rulefit_rule
ss_virulex_rulefit_selected_3,concept_score_absence_of_lobar_consolidation <= 0.7331579029560089,0.043132561132564,rulefit_rule
ss_virulex_rulefit_selected_3,concept_score_ground_glass_appearance > 0.514292985200882,0.0397155134743255,rulefit_rule
svis_rulex_rulefit,coef_of_var > 1.483989953994751,0.0386844689009843,rulefit_rule
ss_virulex_rulefit_selected_6,concept_score_ground_glass_appearance > 0.5111531913280487,0.0345614105880385,rulefit_rule
ss_virulex_rulefit_selected_6,concept_score_ground_glass_appearance <= 0.5708949565887451,0.0296438504459559,rulefit_rule
ss_virulex_rulefit_selected_6,concept_score_absence_of_lobar_consolidation > 0.6652792096138 & concept_score_absence_of_lobar_consolidation <= 0.8205206096172333 & entropy > 3.9191174507141113,0.0264899572677859,rulefit_rule
svis_rulex_rulefit,coef_of_var > 1.4837758541107178,0.0244338017479338,rulefit_rule
ss_virulex_rulefit_selected_6,concept_score_ground_glass_appearance <= 0.5806722939014435,0.0226627845770897,rulefit_rule
ss_virulex_rulefit_selected_6,concept_score_crazy_paving_pattern > 0.32830823957920074,0.0222261343457398,rulefit_rule
svis_rulex_rulefit,coef_of_var > 1.4843271970748901,0.0161955755846098,rulefit_rule
ss_virulex_decision_tree,stat_iqr,0.012020938227604505,decision_tree
ss_virulex_rulefit_selected_6,concept_score_ground_glass_appearance > 0.5806722939014435,0.0105213076618452,rulefit_rule
ss_virulex_rulefit_selected_6,concept_score_crazy_paving_pattern <= 0.2803814262151718,0.0097425732970717,rulefit_rule
ss_virulex_decision_tree,concept_score_multilobar_distribution,0.007117118097122799,decision_tree
ss_virulex_rulefit_selected_3,concept_score_ground_glass_appearance <= 0.5111531913280487,0.0068606045455315,rulefit_rule
ss_virulex_rulefit_selected_6,concept_score_absence_of_lobar_consolidation > 0.6093150973320007,0.0061268632652205,rulefit_rule
ss_virulex_decision_tree,stat_mean_abs_dev,0.003324268147689353,decision_tree
svis_rulex_rulefit,coef_of_var <= 1.4356908798217773 & entropy > 3.8888001441955566,0.0013563468281021,rulefit_rule
svis_rulex_decision_tree,stat_shannon_entropy,0.0,decision_tree
ss_virulex_decision_tree,med_neural_prob_covid,0.0,decision_tree
ss_virulex_decision_tree,stat_entropy,0.0,decision_tree
ss_virulex_decision_tree,stat_signal_to_noise,0.0,decision_tree
ss_virulex_decision_tree,stat_coef_of_var,0.0,decision_tree
ss_virulex_decision_tree,concept_score_ground_glass_appearance,0.0,decision_tree
ss_virulex_decision_tree,concept_score_localized_or_diffuse_presentation,0.0,decision_tree
ss_virulex_decision_tree,concept_score_absence_of_lobar_consolidation,0.0,decision_tree
ss_virulex_decision_tree,concept_score_crazy_paving_pattern,0.0,decision_tree
ss_virulex_decision_tree,stat_shannon_entropy,0.0,decision_tree
ss_virulex_decision_tree,concept_score_bilateral_involvement,0.0,decision_tree
ss_virulex_decision_tree,stat_geometric_mean,0.0,decision_tree
svis_rulex_decision_tree,stat_geometric_mean,0.0,decision_tree
