shannon_entropy,coef_of_var,entropy,label
5.616774794978603,1.3858979787535934,3.8932516131075827,1
5.589701673901015,1.4297935676624862,3.874485955563695,1
5.59291365951586,1.4439963499303323,3.876712334336623,1
5.683440696892982,1.4464933030344016,3.9394608950590193,1
5.471160476017635,1.547859025909078,3.7923194584706312,1
5.782904504409654,1.3380306484756959,4.008403952806958,1
5.5502168780447345,1.4797180998903117,3.847117180640928,1
5.466410291709841,1.5351103537057513,3.7890268816105426,1
5.315649572724853,1.6652361059583096,3.6845275143069074,1
5.697780417907852,1.344239893408581,3.949400432250493,1
5.669320177745629,1.3968800699113593,3.9296732970239896,1
5.606461966339987,1.4505122673759578,3.886103305013126,1
5.533133020968505,1.5260465774973508,3.8352755532754506,1
5.56321083527456,1.44544687138126,3.8561239054590994,1
5.613173760986509,1.44442878600763,3.890755566548863,1
5.616432944662131,1.4492817568404566,3.893014660524547,1
5.657931478025356,1.377153919371502,3.9217792519226387,1
5.616927543315782,1.4358889524353784,3.8933574901868333,1
5.363438714853675,1.6307895060583453,3.7176524234348793,1
5.700994097328181,1.3586107104015217,3.9516279850799183,1
5.540618478906021,1.5072168088790032,3.840464077340042,1
5.390487149568579,1.604993092932282,3.736400969696076,1
5.233402267907577,1.7757381038494102,3.62751802686416,1
5.679980285227087,1.4053371145034892,3.9370623204692277,1
5.610096501114839,1.4720743543697832,3.888622572544965,1
5.567654163230383,1.4799495761569077,3.859203785703981,1
5.560411041636629,1.4802272555769704,3.8541832363928172,1
5.396130319829876,1.626505211448815,3.7403125172521126,1
5.754909261860124,1.322311312739022,3.9889991293646596,1
5.590512535623571,1.4155507538131293,3.875048002080507,1
5.602426272870921,1.4454894470161859,3.8833059754634403,1
5.467459645718906,1.539771184576211,3.7897542383833356,1
5.472158083217433,1.5773627683807787,3.7930109470884776,1
5.620062958853088,1.414936404848352,3.8955307946264024,1
5.682756209317976,1.3680155174431214,3.9389864444262765,1
5.468663439926571,1.5551363304067154,3.7905886449443544,1
5.581307709301317,1.4707223497773865,3.868667702667693,1
5.758823358424879,1.3426591325079757,3.9917121743629593,1
5.683263571719779,1.3288209227213847,3.9393381212446075,1
5.473256329502464,1.5476152695916456,3.793772193404506,1
5.5987239804941025,1.474644658052339,3.880739741940841,1
5.452626821798891,1.5792487375857256,3.7794729083034353,1
5.642969448366419,1.4219851538044588,3.911408363249091,1
5.767105392404995,1.3530573172723168,3.9974528428655773,1
5.630338537203881,1.4381010803184961,3.9026532827888767,1
5.785159153961045,1.297938801064573,4.009966756786655,1
5.759185432997817,1.2920497425231723,3.991963145332344,1
5.62044603325064,1.4322300231075336,3.895796321565009,1
5.518785997305713,1.5428922326278995,3.825330954274158,1
5.581233022676045,1.5007443526831512,3.8686159338439605,1
5.670585605149235,1.4036032161233687,3.9305504244610034,1
5.654298483152846,1.4229995160039268,3.9192610517697704,1
5.537938278074018,1.4752016525384974,3.8386063036900016,1
5.507540011547487,1.4991933680457432,3.8175358309532283,1
5.582804863533389,1.4697940194584755,3.8697054509025186,1
5.681924962805552,1.3384803268570171,3.93841026824984,1
5.670150434157156,1.395241479557159,3.9302487869147806,1
5.739691914511146,1.3211762772078948,3.9784512679541146,1
5.698598405397899,1.3560574357094088,3.949967417972953,1
5.692813065644769,1.352239563861649,3.9459573260344896,1
5.6480465949724366,1.3908985339187088,3.9149275731043423,1
5.293638490654294,1.7641999415759668,3.6692705948286277,1
5.760228190024694,1.3399343796032397,3.9926859294255332,1
5.381857885694182,1.6462145901488003,3.7304196197712294,1
5.750404903243307,1.3423036409399232,3.985876945889181,1
5.4373045626780545,1.5870015485901936,3.7688523275940202,1
5.708752436932944,1.385933030724211,3.9570056563027856,1
5.6297953248115,1.3864827232967059,3.902276756650653,1
5.692390257573641,1.40261325196256,3.9456642578120693,1
5.431781018017084,1.6101187485543476,3.76502369818557,1
5.702091910259593,1.3660414675181947,3.952388931018109,1
5.847292099484623,1.2981853503628729,4.053034032796209,1
5.591942881338625,1.4805237918256546,3.8760394421801236,1
5.578994742840317,1.4746723419883132,3.8670644764865214,1
5.590856443671619,1.4936445104322527,3.875286380974385,1
5.58351504512412,1.4803654892250941,3.870197711269818,1
5.460856136845818,1.5932437269407238,3.785177034826152,1
5.363548268343188,1.6688635414379092,3.717728360127256,1
5.645510196704475,1.3782975624766094,3.9131694757961277,1
5.613099750871697,1.4682343335981678,3.8907042666464475,1
5.393181380971598,1.6298875626493539,3.7382684685968535,1
5.553900845038868,1.4678502909305884,3.849670711976187,1
5.664512353251794,1.394490828209505,3.926340767031461,1
5.5670070072091855,1.4716502159108151,3.8587552113325048,1
5.355543148438771,1.6372926177788205,3.7121796338354653,1
5.6052165734844905,1.4366369555631437,3.8852400644666494,1
5.716300243248432,1.3660382843667311,3.962237396969778,1
5.691911661664475,1.3252250058023471,3.945332520407003,1
5.576817561747115,1.452271621586772,3.865555369550199,1
5.678844291698951,1.4267763744989133,3.9362749097580663,1
5.319915020965139,1.7073393702805764,3.687484097728488,1
5.589427172454135,1.475408301452158,3.8742956856597286,1
5.666987438326877,1.3389823145073552,3.9280563652729,1
5.5771998599748915,1.4341908417965858,3.865820358488916,1
5.704650363963934,1.3284020785658568,3.954162315989865,1
5.588617861680127,1.4865917347175084,3.8737347141785294,1
5.624460802335143,1.4519301250936978,3.89857914743653,1
5.47799967923582,1.5551824755230215,3.7970600328985933,1
5.599273205208322,1.4530252868525542,3.8811204355029956,1
5.490110415002892,1.5420004020471014,3.8054545552500443,1
5.720093406598883,1.3844511296718065,3.9648666174515492,1
5.566866119817513,1.4829382706575895,3.858657555634191,1
5.685621522963106,1.3809072056401452,3.940972528500817,1
5.64098650597302,1.4193916737359786,3.9100338923198947,1
5.380461226785799,1.6415265524423908,3.7294515295866804,1
5.523740340290055,1.509869862590581,3.828765043145282,1
5.454107101186335,1.5715799669002084,3.7804989597872822,1
5.580490291470699,1.4346281667684417,3.8681011118030626,1
5.598301274050459,1.4417909084169742,3.8804467441612234,1
5.576158075119888,1.5105264592746064,3.8650982482539193,1
5.672471239158195,1.3811227086257276,3.9318574463578813,1
5.555760888520534,1.4456462443264646,3.850959995871225,1
5.743089769055333,1.3480350856168315,3.9808064812513693,1
5.633448682101883,1.4139049021858223,3.904809070956058,1
5.501917974528846,1.510494160703607,3.813638931844753,1
5.548149170953141,1.4762066910894487,3.845683955300166,1
5.7178324969937595,1.3134152080969999,3.9632994743332555,1
5.702961110396583,1.3604763591028928,3.952991414642404,1
5.740319804834207,1.3218641116536087,3.978886488361245,1
5.632303785639765,1.4514029124322607,3.9040154892013086,1
5.632960337503048,1.414584610108078,3.904470576274236,1
5.836330500239969,1.2619640842903128,4.045436031185347,1
5.626596344618802,1.4279537153572608,3.900059392549415,1
5.621624217413634,1.4240507762293517,3.8966129765957693,1
5.575106229940538,1.4791973474059414,3.8643691647334686,1
5.718543849970571,1.3495046229424135,3.963792546643514,1
5.621442237446248,1.4341044987616003,3.8964868376944555,1
5.683933366846107,1.397681343481751,3.9398023878479744,1
5.846941767184914,1.2669194337717657,4.052791200950407,1
5.6980239884425865,1.3543779246180407,3.949569262479912,1
5.614512014039477,1.44862191750875,3.8916831728794037,1
5.585584142458938,1.4711261663410724,3.8716319002537514,1
5.546766892407307,1.4586169485512317,3.8447258328233724,1
5.64624569452787,1.4309111551777354,3.9136792840387216,1
5.68951962380061,1.4359185688571567,3.943674486105872,1
5.710768703420049,1.3797291033658579,3.958403225733581,1
5.662400512476589,1.4030857991190646,3.9248769505523358,1
5.663880290647875,1.402926881876419,3.9259026546196165,1
5.63186242320179,1.4198366244500824,3.90370956007182,1
5.686735389111147,1.4179486217015445,3.9417446016808544,1
5.684809429172631,1.4057664528517355,3.9404096279796,1
5.694238540045536,1.390026745965447,3.9469453895963404,1
5.684470188227475,1.3601057739486833,3.9401744840749355,1
5.647092562192995,1.404894546856294,3.9142662879731116,1
5.571146887033355,1.4634265798000277,3.8616247573604854,1
5.735001856118362,1.3299938358848953,3.975200367202495,1
5.67072146020825,1.3907800492218598,3.9306445920121234,1
5.630348854541069,1.4084912730953696,3.9026604342220574,1
5.642487272361162,1.417553282153942,3.911074144310514,1
5.635861444146133,1.4208200902598254,3.906481470164393,1
5.629391261128326,1.4458204095476206,3.9019966810478923,1
5.716068139507918,1.3405740416067575,3.9620765149164447,1
5.711440070933967,1.3458371207456392,3.9588685822329728,1
5.623832291044627,1.4168330888120697,3.8981434966075597,1
5.86381054109917,1.2456937078003358,4.064483744028576,1
5.826616235477644,1.2704594908206461,4.038702615954131,1
5.651536248504501,1.4046772523558868,3.917346416611224,1
5.81142110636085,1.324299901205918,4.02817015504858,1
5.571208592208586,1.4711289294203815,3.861667528128722,1
5.569314373931276,1.4546398657212276,3.8603545560704395,1
5.503227830928465,1.5127361002513846,3.814546855115087,1
5.5924359543978746,1.4583098151505862,3.876381214380953,1
5.421459764973961,1.6048449518039156,3.757869550738883,1
5.511678978271242,1.5387742034694627,3.8204047440682296,1
5.6142774447940065,1.4075618034742574,3.8915205818682588,1
5.694068259683602,1.385423592014797,3.946827360243563,1
5.6883048777907055,1.360047234270671,3.942832488334012,1
5.460241493122302,1.5314391353266807,3.7847509962621495,1
5.450051353831001,1.551232621748138,3.7776877299428713,1
5.488467143464453,1.5153312624930395,3.80431552621628,1
5.311579495181746,1.6562846547923604,3.681706351533242,1
5.405854236030473,1.6486802635225546,3.7470526223505582,1
5.501860347291628,1.567676435651488,3.8135989876877527,1
5.5433585717048866,1.5045481215718117,3.842363364938047,1
5.606700536442087,1.4485350828598909,3.8862686692067636,1
5.651098463090559,1.4150750381520587,3.9170429668858606,1
5.42290641774425,1.5992060875425447,3.758872294027859,1
5.440171448988677,1.6287790898876195,3.7708395017572127,1
5.5517580381515,1.5691882137860758,3.848185431423725,1
5.602556624787076,1.4296775963747632,3.883396328526605,1
5.488223591040443,1.5489440744652263,3.8041467085402605,1
5.595612708269211,1.4353818964148646,3.878583172370204,1
5.673719952323826,1.3797635620540563,3.9327229883679653,1
5.643041894801247,1.3997988870194988,3.911458579291134,1
5.707337473127859,1.401443339850191,3.956024878130698,1
5.764240487226919,1.3005410618754931,3.995467041918823,1
5.562696758235763,1.4798589897364602,3.855767574409065,1
5.61052905129776,1.4345611312285347,3.888922393484707,1
5.700426793507222,1.3730498306856573,3.9512347600359004,1
5.788147308150609,1.271217887584992,4.01203798743823,1
5.667242005952585,1.3755483724335793,3.928232818104922,1
5.502717518040801,1.544782161009185,3.814193133175801,0
5.440154123139967,1.601433840104648,3.770827492394029,0
5.294187605820054,1.7541917086397236,3.669651212457577,0
5.549735078287819,1.4686254005786281,3.8467832224978284,0
5.64431603149023,1.426409818289386,3.912341743544751,0
5.688057278524829,1.3671975729426082,3.942660865600959,0
5.564341454007565,1.5092515459478322,3.85690759064617,0
5.466039960547722,1.5198089593184323,3.7887701876096473,0
5.524979018303215,1.5222944807489314,3.829623629317728,0
5.4356172273205585,1.5952576099033535,3.7676827558483112,0
5.5195987997332985,1.4619475989801876,3.825894345985193,0
5.418151636501001,1.6000871730794488,3.7555765308149223,0
5.617935042981879,1.4406728962281292,3.8940558357398025,0
5.520496884386802,1.5349665087981972,3.8265168508306733,0
5.635974083105301,1.4299336074395088,3.906559545541361,0
5.571966287184589,1.4931561279227878,3.862192722265063,0
5.511142427095219,1.5610393994793383,3.8200328351333446,0
5.316922751737256,1.6843095766699314,3.6854100147497038,0
5.5560369162099725,1.5254324187084547,3.8511513236859143,0
5.773816717789196,1.2989651940268025,4.0021047791334565,0
5.345039771899113,1.6307340307263987,3.7048992480006415,0
5.642968343858355,1.4649097246022011,3.911407597662441,0
5.802570629976234,1.3037600208300695,4.02203547229597,0
5.525619294062602,1.4944229701591412,3.830067434655125,0
5.550030661080829,1.4580611425009111,3.8469881048774255,0
5.62072495450856,1.4129807184589862,3.8959896550485347,0
5.807387873870486,1.2788430776589703,4.025374531319342,0
5.721900204248392,1.324147164873787,3.9661189941481467,0
5.509043552213964,1.5413048702541454,3.818578005927055,0
5.529288692185856,1.5141791687495592,3.8326108676186115,0
5.475637011408002,1.5525203689362066,3.795422356355141,0
5.6411939690190165,1.4129370482531303,3.9101776947452986,0
5.554468393739045,1.5175586130019454,3.8500641067575456,0
5.63456451417046,1.398493466998789,3.9055825068083707,0
5.553523094274748,1.4682712911992495,3.849408875099083,0
5.587696562196973,1.4542769246768081,3.8730961180393293,0
5.4342254709824385,1.610796795801543,3.7667180638665156,0
5.496721528247937,1.5223245549467617,3.810037029756211,0
5.470262666997805,1.531164361642583,3.7916971446798557,0
5.589856220805972,1.5022808273591381,3.8745930793151295,0
5.456337977889084,1.6207562019695696,3.782045285683971,0
5.657517441640785,1.3702465776474377,3.9214922637700242,0
5.773162791698224,1.3002302663452288,4.001651512107205,0
5.67325904165585,1.3436097281306383,3.93240350943797,0
5.62841477470616,1.401231012165504,3.9013198322375127,0
5.2232406063020616,1.7389818845762437,3.620474499772493,0
5.5201123961730545,1.4865515309215305,3.8262503439093556,0
5.690579552527778,1.3697726590387667,3.9444091727147033,0
5.4502564620347265,1.5319945226025187,3.7778299001159916,0
5.642108706674405,1.4460324827733932,3.9108117425720823,0
5.424670863874534,1.6486294960292975,3.760095314888316,0
5.562276546331962,1.4529074209166577,3.8554763057127093,0
5.1838721203138025,1.8031758413096426,3.593186344706817,0
5.243163051955126,1.722217420576491,3.634283686806773,0
5.408028239607372,1.6097764171415965,3.7485595268004137,0
5.345558405625893,1.665622164588955,3.705258737506103,0
5.526515859182609,1.5120500863671889,3.8306888862402495,0
5.248034676847728,1.7516153060557393,3.637660439865825,0
5.386703056437355,1.6279112005551801,3.7337780362111914,0
5.52396549840474,1.537742401301919,3.828921110857658,0
5.55119515690534,1.4886089180739401,3.8477952718749586,0
5.34659992027966,1.7229075431902967,3.705980660451874,0
5.24721189678986,1.7673594027967996,3.6370901321884936,0
5.789327050310427,1.2814593911394272,4.012855722390096,0
5.691325669320736,1.3580775931216154,3.94492634146611,0
5.421891458605813,1.6039597451447678,3.7581687779626676,0
5.690973501007513,1.387684362295086,3.9446822369927195,0
5.834619921390061,1.2805740982735287,4.0442503482784105,0
5.669316629388311,1.388576108866559,3.929670837490119,0
5.695917715321755,1.38440448345393,3.948109305204719,0
5.681975610790852,1.380002936766006,3.938445374758051,0
5.573904955863796,1.4490979833531465,3.863536504994095,0
5.745805805733278,1.341658102197813,3.982689094416987,0
5.630263213850601,1.3661368264457767,3.90260107261892,0
5.804219199071251,1.2970681252848222,4.023178173316141,0
5.437886734360471,1.5280072037554777,3.7692558582542874,0
5.2983301963615705,1.661094157927092,3.672522637411643,0
5.568818006310658,1.4849729023086895,3.860010500253688,0
5.629837746051448,1.4082206324117374,3.9023061608135174,0
5.517397907476352,1.4964640365662525,3.8243688037225736,0
5.5980054841239895,1.404498995060991,3.880241718207653,0
5.490785281701109,1.5670445993569988,3.805922337199169,0
5.444954143156124,1.5921669111205285,3.774154612734861,0
5.507174461021165,1.4999526490314052,3.8172824506365552,0
5.443652200681598,1.5655901833995027,3.7732521749793895,0
5.440542349791453,1.615644522565562,3.7710965906029257,0
5.562028186151997,1.4371273699459983,3.855304155554201,0
5.557053744855649,1.450235121623759,3.8518561355947787,0
5.5739731129520305,1.4515014696518553,3.8635837478876414,0
5.384191586816158,1.62918036475709,3.732037218124196,0
5.730090250596604,1.3837285896976284,3.971795901683066,0
5.579379269587653,1.4154299223816598,3.8673310101172875,0
5.604515936983021,1.4151884131996728,3.884754420251061,0
5.462028229332629,1.5646136074382824,3.7859894674287418,0
5.459921856081905,1.583752118729916,3.7845294407487957,0
5.3406465079374135,1.690264420050978,3.7018540694721342,0
5.620223159718694,1.385627431920253,3.8956418374047184,0
5.696337616551334,1.3533613162173412,3.948400358558115,0
5.683508730016859,1.3744745325407013,3.9395080520270196,0
5.630412229850387,1.4509372376197827,3.9027043626390285,0
5.639564247173281,1.4105958217029395,3.9090480576428286,0
5.631730184593167,1.4512049474694315,3.9036178992530925,0
5.289134912852411,1.705950223809572,3.6661489525728186,0
5.483255157281753,1.5591123381747136,3.800702852688626,0
5.480034938883756,1.5774211944211514,3.798470767385268,0
5.3285627151199755,1.6380027174030927,3.6934782225502563,0
5.415112084760616,1.5883120585479689,3.753469674095908,0
5.567721427793916,1.4576754254611763,3.8592504099465454,0
5.679340815271388,1.34098412546844,3.9366190736723823,0
5.60208215409641,1.4077517381653697,3.88306745050511,0
5.597365441939281,1.4464138489208287,3.879798074771883,0
5.699736671902036,1.3729918925519626,3.950756404191022,0
5.668363394059414,1.3930211384618711,3.9290101051094846,0
5.701552177821533,1.3657920702989559,3.952014817000411,0
5.7257117778705044,1.3357302647874658,3.96876097565781,0
5.630411919345125,1.4312176795574247,3.902704147413183,0
5.661095101508245,1.4228614405555464,3.9239721086201564,0
5.578715316400907,1.485545270432913,3.86687079283787,0
5.775128487137138,1.3154314798360547,4.003014028358527,0
5.428051093045062,1.5722838101890855,3.7624383112075144,0
5.478150530845044,1.556330768488274,3.7971645952662083,0
5.403460803894872,1.6610978427728937,3.7453936216139057,0
5.502964967252762,1.5974280965728482,3.8143646518994028,0
5.677811619097408,1.4146522955525975,3.935559115655866,0
5.4268780641975995,1.6339459330077863,3.76162522956918,0
5.537748017738124,1.5054399533421072,3.8384744252746055,0
5.622539063812043,1.382006912220376,3.897247099797471,0
5.545816868172644,1.5143336016528215,3.8440673262036533,0
5.407553575699957,1.6177897966272632,3.748230514851275,0
5.68959997665023,1.3768192506030632,3.943730182457037,0
5.627528488193702,1.4224385203140613,3.900705505240235,0
5.61433034728808,1.4551841837007353,3.8915572510828698,0
5.4183468244125965,1.6134700042076042,3.755711824765523,0
5.583479712912233,1.4143117275921882,3.870173220846767,0
5.568104947548161,1.4947620726086872,3.8595162455828893,0
5.36964029604558,1.6384253601023093,3.7219510319530613,0
5.6598730961481305,1.4184803324762452,3.9231250790501635,0
5.380392978766714,1.602109273409281,3.7294042236646745,0
5.496578387341065,1.5216592792017667,3.809937812040189,0
5.580018369568737,1.4129105964122757,3.8677740004672714,0
5.869621478925905,1.2547814138494933,4.068511579199586,0
5.584513136871273,1.4666846706433805,3.8708895357502975,0
5.46563882088008,1.5600391377290892,3.78849213878001,0
5.496354495574728,1.5395995777814635,3.8097826220936017,0
5.72647388616406,1.3185731441331554,3.96928922887277,0
5.66502335666873,1.3875973652799718,3.926694967609167,0
5.6510117655096685,1.4120969758310349,3.916982872702105,0
5.632688170584714,1.4393177053101052,3.904281924542149,0
5.754059174618327,1.3715413923955608,3.988409893789778,0
5.723657978873149,1.3443228230413173,3.9673373906733573,0
5.760857279230862,1.3498784562986852,3.9931219808351086,0
5.688552740563463,1.3638868918073546,3.9430042937161134,0
5.607465722822923,1.4510747615464967,3.8867990559892442,0
5.628933236834747,1.4188782272043008,3.9016792028001714,0
5.449983516426439,1.6049783416873504,3.7776407086371613,0
5.5220783665374285,1.5134178457006386,3.8276130507244854,0
5.56389539549098,1.4901437283721297,3.8565984064430334,0
5.62423762876541,1.4242851190017811,3.898424455305896,0
5.678462324492029,1.3515475423574845,3.9360101502655227,0
5.520199456759331,1.5020563438033245,3.826310689709272,0
5.754181663211417,1.295998948383381,3.9884947964127297,0
5.60291010623342,1.4652577391596058,3.883641343194518,0
5.301582743201292,1.6458916524229104,3.6747771310832356,0
5.526774550186882,1.5231428652529582,3.830868197180496,0
5.397871850221474,1.6128478545709735,3.7415196541329094,0
5.596496043310349,1.4701030319610395,3.8791954535634567,0
5.530680006835672,1.5242498602268792,3.833575253445404,0
5.664584494337638,1.3908963452134082,3.926390771421716,0
5.359782157365935,1.6194695578863536,3.7151178909216975,0
5.625799975603012,1.4667812863537324,3.8995073916114356,0
5.754674194017732,1.361393046730512,3.9888361927524656,0
5.57070303980387,1.4994068303761543,3.8613171059047677,0
5.442955234706386,1.5742386519425815,3.772769074978725,0
5.445757133314197,1.585245974017479,3.7747112030989447,0
5.5009863659853,1.5441296834794462,3.812993190009408,0
5.485906327511564,1.5835946584125686,3.8025405038586024,0
5.563762134062255,1.5012006305379992,3.856506036659435,0
5.565954963876729,1.4970893747513334,3.8580259904627847,0
5.540518119461524,1.4971067861865308,3.8403945134740445,0
5.669204664283322,1.3935456294793314,3.9295932291932756,0
5.38850026421899,1.6974022213194628,3.735023765717914,0
5.8318881061330305,1.2759979159193906,4.042356798235188,0
5.749162203837233,1.3027061064104162,3.9850155722995786,0
5.692859742844957,1.3555166812590045,3.9459896802041943,0
5.492725672676811,1.5058392501848687,3.80726731373316,0
5.518809288170273,1.4717686097785934,3.825347098271263,0
5.5134527847144135,1.5605167537873628,3.8216342530031726,0
5.63391876393319,1.4321839495446391,3.9051349068520618,0
5.55255055190765,1.4735223103891852,3.8487347600993544,0
5.709611084174073,1.375209233623083,3.95760082521707,0
5.503220940114187,1.547672837832414,3.8145420787666007,0
5.583621181666047,1.479206824653218,3.8702712795146086,0
5.4971555824240355,1.5366928629157321,3.810337893184584,0
5.727645141374964,1.3614151775573384,3.970101081119925,0
5.880567568886366,1.2233304309278354,4.076098830593836,0
5.578627797298286,1.5031300298279056,3.866810129218643,0
5.563141196660903,1.512585598767337,3.856075635650383,0
5.625058424107897,1.4511780457879702,3.8989933872833564,0
5.686115100310984,1.3578910077450672,3.9413146502478877,0
5.882642640549695,1.2400358400206999,4.077537160666731,0
5.674776682658088,1.4156608077834767,3.933455458019773,0
5.559301168017134,1.4563484263674238,3.853413930622686,0
5.546223529242692,1.4849983087155743,3.8443492021778,0
5.31864499739602,1.695789590011863,3.686603784472307,0
5.773523455364933,1.295770232508866,4.001901505110917,0
5.664893546967396,1.4078212355976207,3.9266049903806772,0
5.497921605666084,1.5513835605302253,3.810868860035052,0
5.699730398051478,1.401236250077564,3.950752055489196,0
5.642353156998459,1.436993171229105,3.9109811826249867,0
5.674574562460348,1.3771930004972615,3.9333153589745757,0
5.437198909033847,1.5648181043786678,3.768779094068421,0
5.610065220559184,1.4726694557636903,3.888600890516005,0
5.491800312713014,1.5133782863976224,3.8066259030832494,0
5.729804837267103,1.3345077688262363,3.9715980682384275,0
5.499982047311336,1.4957232627688575,3.812297049352166,0
5.7544872759840136,1.356479192314286,3.9887066310443986,0
5.415957683650634,1.573884053256942,3.7540557985824075,0
5.497375865997033,1.5009593993234833,3.8104905821221307,0
5.519277491104884,1.5247492630154487,3.8256716318153186,0
5.5534109002191405,1.5149538054335103,3.8493311081057637,0
5.696125108512538,1.3774479100389485,3.948253059210177,0
5.648658334935991,1.398291777837107,3.915351598935317,0
5.67780929746843,1.3789499877648679,3.935557506425286,0
5.455968857350587,1.5601369901490592,3.7817894308234257,0
5.7732576883717766,1.3445704202928765,4.001717289468924,0
5.618098365770544,1.4300989422544175,3.8941690424702875,0
5.335281848156816,1.6143718879317515,3.6981355706705505,0
5.723817235535312,1.3135896753732448,3.96744777897972,0
5.673017297470761,1.4232414025137605,3.932235945137658,0
5.662283930560732,1.3918014931483151,3.924796142126055,0
5.82335374401052,1.2735234479326767,4.036441229192093,0
5.632971259313335,1.4368507437625888,3.904478146696241,0
5.528621637233092,1.5479374961413737,3.832148500358825,0
5.1595699202571685,1.7998853094301042,3.5763413432561557,0
5.621685860877742,1.427567808173595,3.8966557045891146,1
5.614353125410538,1.4064173522954988,3.8915730396742285,1
5.670338029049603,1.3728587275651458,3.9303788177855687,1
5.719498158444177,1.3566729677894622,3.96445402287138,1
5.421793159736593,1.5783673144030466,3.758100642378616,1
5.611415775092201,1.420222264209599,3.8895370235827578,1
5.54046632462157,1.5152493261513864,3.840358612026762,1
5.553938448801898,1.4641831666754583,3.8496967769185115,1
5.469017496537793,1.5400758919468331,3.7908340582861815,1
5.618933223546739,1.4283375189948002,3.894747721784026,1
5.704386953424841,1.3474796444116581,3.9539797337173628,1
5.484899805278291,1.4731653982884771,3.8018428358104397,1
5.598164333241367,1.45081098818718,3.880351824025497,1
5.652877904672932,1.372172737620902,3.918276381801654,1
5.442398603906341,1.6192121616155501,3.7723832479090618,1
5.684510447440127,1.375573385986048,3.9402023896346763,1
5.5954778911531395,1.4571459999417857,3.8784897242663066,1
5.529917468785568,1.4689168593499784,3.8330467023459045,1
5.422315132272921,1.5587939749542845,3.758462446170501,1
5.709962378590751,1.3421619156874116,3.9578443239515364,1
5.579401987587294,1.478803812782777,3.867346757034687,1
5.4416147859852835,1.5858713243307747,3.7718399467270087,1
5.343842750221384,1.6859948417612445,3.704069535799656,1
5.741921522210072,1.3625863809254035,3.9799967142443813,1
5.576946511565961,1.4575921843473785,3.865644750753568,1
5.552609539605628,1.5217980064350023,3.848775647255895,1
5.420142824857863,1.565740248144522,3.7569567174104437,1
5.6359832728708525,1.429437757800043,3.906565915401444,1
5.639784589087226,1.4035563793566652,3.90920078701924,1
5.629334889837816,1.406789065611229,3.9019576074468123,1
5.457617514250908,1.5355917015790257,3.7829321927055926,1
5.423148200868787,1.5976744984597682,3.759039885318938,1
5.753217221293145,1.3062459980370513,3.987826296216266,1
5.661313240624711,1.3946622107660935,3.9241233111337053,1
5.72743975005492,1.3541206127340761,3.969958714705526,1
5.500140624909325,1.539304612695439,3.812406966967113,1
5.577313483721962,1.4523585490298645,3.8658991164688423,1
5.787248435612768,1.3000488823062926,4.011414936472942,1
5.684829188534271,1.3408859552149839,3.94042332412541,1
5.560619385980656,1.4680741136579862,3.8543276496874643,1
5.569815821776723,1.482143228681986,3.8607021332307094,1
5.566035236574065,1.490649683499369,3.8580816312566197,1
5.633755915569347,1.4464750212256874,3.9050220289678057,1
5.655409979793438,1.4238498037996945,3.920031482532396,1
5.575788010702159,1.4562729007961406,3.864841739146147,1
5.756017199293182,1.3361554927291508,3.9897670930726212,1
5.759502487296557,1.2913815996418319,3.9921829106255995,1
5.5457314364516,1.500632988392126,3.84400810944708,1
5.698516750094367,1.3932889080035191,3.9499108188295304,1
5.617254460712379,1.430578180506023,3.893584092058562,1
5.698384820570852,1.395605807562423,3.9498193722522763,1
5.59086227522392,1.4350265590007776,3.875290423098419,1
5.7447698192157794,1.3872348120958218,3.9819710032832827,1
5.614131674270242,1.4104291736511985,3.891419541440703,1
5.737792654960913,1.3523989803376968,3.9771348015517196,1
5.598234858931839,1.4008217364363211,3.880400708709005,1
5.645130421351631,1.4342046442849927,3.912906235581059,1
5.722925395834171,1.3617823187837006,3.9668296028053636,1
5.509176644092095,1.481300973931825,3.8186702581871366,1
5.782924691991479,1.2665967038177641,4.008417945772383,1
5.668186290626602,1.3456892351248182,3.928887346364364,1
5.462675908402215,1.5748235387814042,3.7864384043497323,1
5.687889056988216,1.3646964225875895,3.942544263317147,1
5.547108537591841,1.5077070496445735,3.844962643219784,1
5.699634808299601,1.321811638956634,3.950685797722191,1
5.446237762752091,1.579143504782712,3.7750443500387147,1
5.787104266995967,1.273909971891234,4.011315006402682,1
5.620857512543475,1.427199915035778,3.896081537276696,1
5.6505441929670805,1.4122146360350012,3.9166587761125022,1
5.374007244369991,1.647173273138598,3.72497796987178,1
5.70880090593324,1.4022292786546249,3.957039252453685,1
5.592069701129854,1.5044702399803984,3.876127346960852,1
5.669910332394055,1.4152281606561388,3.9300823610546414,1
5.638822205360997,1.4836560904704117,3.9085337134527873,1
5.720149838278077,1.3583624207588862,3.964905732910876,1
5.6240075974875285,1.4322173079491012,3.8982650097741915,1
5.6344946265860525,1.4306962240702397,3.9055340644262833,1
5.593968381491494,1.4395598401293135,3.877443411900308,1
5.489139154265657,1.5146435916564085,3.804781328608443,1
5.5962996899483475,1.4346579863476139,3.879059351784191,1
5.531114366329829,1.482486939534977,3.833876328504128,1
5.571797131682965,1.4852888424246928,3.8620754726060373,1
5.591334834379554,1.4584131275283108,3.875617976144796,1
5.45952502295103,1.532893312325431,3.784254376982976,1
5.36435439921699,1.611004155425116,3.718287127469594,1
5.403817829840179,1.5970694821058853,3.7456410931412814,1
5.603819823476512,1.4801637142366155,3.8842719111366737,1
5.669724378658421,1.4209127184059869,3.9299534677470698,1
5.3620719790071885,1.6469160550087596,3.716705074336317,1
5.565969549043947,1.452368960229277,3.8580361001303216,1
5.212292155632543,1.8530337871450653,3.612885612059416,1
5.68225805100405,1.4086461944658422,3.9386411473955056,1
5.470371729034685,1.5103221237174262,3.7917727407232236,1
5.618735246536305,1.4234172481324194,3.894610494577428,1
5.7565391297546356,1.313105156600453,3.9901288677004256,1
5.3221064671842715,1.6734544665469362,3.6890030924966286,1
5.687420774719403,1.3742954923643511,3.9422196747828115,1
5.410986114646467,1.6065262690545614,3.7506097695442095,1
5.615489992524273,1.4469483703093586,3.8923610559087867,1
5.677836814905318,1.367877859962372,3.935576580059081,1
5.678141864387596,1.3655579479106523,3.9357880242476524,1
5.4954222356922875,1.5228037345343717,3.809136428784538,1
5.532881005300329,1.4909982298737539,3.835100869325597,1
5.479516393335494,1.5077682894326767,3.798111339000496,1
5.407416214905795,1.5997360447314535,3.7481353036040805,1
5.553005362319928,1.4446840068985185,3.849050010654314,1
5.412972450124953,1.5852584953384246,3.7519865923807685,1
5.3875448134429735,1.6202069933588965,3.7343614977063524,1
5.297675216091779,1.6271408998769425,3.6720686396843156,1
5.444427717829859,1.5595215980739041,3.773789722504182,1
5.71248104229374,1.3366705700217445,3.9595901285960435,1
5.7469720284993455,1.3262372518238756,3.9834974584391887,1
5.760949022216689,1.332842271310992,3.9931855722270715,1
5.751375019100918,1.331171700643181,3.986549378960701,1
5.390927101160191,1.594070824550875,3.736705920901385,1
5.571317613754403,1.4654989827165252,3.8617430961058266,1
5.644028876134961,1.4091483402236098,3.912142702619864,1
5.695070219305223,1.3392000688333847,3.947521865730323,1
5.66322680484523,1.3744203627730232,3.9254496927779785,1
5.686755122496666,1.3845179773390626,3.94175827982139,1
5.669814265239198,1.348109744302622,3.930015772377107,1
5.856469586036516,1.2697667722447183,4.059395381724281,1
5.551320381293792,1.493304438785196,3.8478820708067505,1
5.661332653375243,1.4587588363528403,3.9241367670270026,1
5.672867717576862,1.4162487070726923,3.932132264255932,1
5.715188007580132,1.392055277784101,3.9614664539521787,1
5.710781742490332,1.3590251446685264,3.9584122637283836,1
5.624287675950905,1.421474948767573,3.8984591453714166,1
5.782898189911251,1.2825780769147992,4.008399575930193,1
5.649380651161303,1.419503914207303,3.9158522703903635,1
5.673182488230659,1.413994816984854,3.9323504466471357,1
5.72267362933574,1.3315292381733699,3.966655091566817,1
5.6375211800866145,1.441576448661979,3.9076319114520115,1
5.638931257814255,1.4215005767696505,3.9086093028532956,1
5.628681345982166,1.4370172198522255,3.901504605365895,1
5.836725506565212,1.2912410219160757,4.045709828705995,1
5.5781813874910195,1.4609304773820084,3.8665007015193624,1
5.660696403681808,1.4016925401026046,3.923695752345864,1
5.630664180163123,1.444387954721767,3.902879001287943,1
5.7539297635214846,1.333480690569629,3.9883201928528678,1
5.686825323579461,1.3938448220719322,3.941806939504,1
5.768205481609585,1.3018594584107726,3.9982153665961038,1
5.735318113081254,1.3329574615044368,3.9754195798246554,1
5.524233739822385,1.5390804891154568,3.8291070416400075,1
5.746582179147241,1.3053094168383137,3.983227235459934,1
5.663999408089207,1.3419152733320543,3.925985220538232,1
5.611879801621374,1.4290060108054434,3.889858662263159,1
5.652536940790162,1.4326897622863703,3.918040043647639,1
5.536420215718613,1.4932405675044709,3.8375540630484397,1
5.60687850696025,1.4458906466849164,3.886392028969651,1
5.633702968428178,1.4069870807647906,3.904985328806184,1
5.465137613684941,1.5133407181828824,3.7881447284258236,1
5.615854588359823,1.432948061533735,3.8926137744842415,1
5.574808401997743,1.4496294555664968,3.864162726134629,1
5.650304989633964,1.4281400992752553,3.9164929729965716,1
5.58894629778923,1.4732078996851818,3.873962368741547,1
5.671414675260923,1.406365058919211,3.9311250920714054,1
5.814444771649059,1.2955865844597148,4.0302660001180595,1
5.526070385560987,1.4928163525520495,3.8303801074554076,1
5.675865755402464,1.383144094787751,3.9342103457219615,1
5.50416700000822,1.4944189603125704,3.815197837514789,1
5.3768611648711095,1.6115468669508302,3.7269561568206715,1
5.598483534213481,1.4675885957595365,3.880573077279351,1
5.532257540795393,1.4925260084407206,3.834668716661821,1
5.529687381977627,1.4689645575698456,3.8328872183236964,1
5.759880389492587,1.3086648448367442,3.9924448524673055,1
5.579028900646652,1.431688097769127,3.8670881528736754,1
5.412455891312376,1.6145193782437854,3.7516285410962387,1
5.629346962979388,1.432122423921889,3.901965975910853,1
5.479493622112377,1.5341593992419769,3.798095555191395,1
5.344327062745675,1.628049016152018,3.7044052356603787,1
5.299873059214962,1.6766455134325122,3.6735920684484626,1
5.4829199467184875,1.561107302698579,3.800470502431804,1
5.723423170018927,1.3460458398386161,3.9671746335780838,1
5.406304662388365,1.5908857554263518,3.7473648341105803,1
5.535657096776061,1.498036991223202,3.8370251093049763,1
5.515694298609054,1.4482193041413773,3.8231879520394294,1
5.197626869934544,1.7715112064019591,3.602720410625741,1
5.413706433450386,1.6222497564898124,3.752495350853372,1
5.493614571853852,1.48243457301434,3.807883451691527,1
5.661060513507555,1.40175689412677,3.9239481340449975,1
5.712731505407578,1.3576390604202189,3.959763736397233,1
5.552572114829328,1.4869721796623234,3.848749706377721,1
5.678042862218965,1.400246315805415,3.935719401173596,1
5.689606237450446,1.395045401092544,3.9437345221130546,1
5.695484688615246,1.3655872738006225,3.947809153963995,1
5.594020854592424,1.4824067602215745,3.8774797834822734,1
5.725938448331851,1.3326893669668147,3.968918091649009,1
5.682111383633366,1.3701778513430771,3.9385394853210363,1
5.69334605734739,1.3740026722521848,3.946326767730423,1
5.773133625937212,1.3172169123078925,4.001631295942191,1
5.778653498830044,1.3094531254567872,4.0054573802749065,1
5.714685490355591,1.3656743108769733,3.9611181355548055,1
5.552684187335199,1.5048251503546326,3.848827389119183,1
5.568511769901028,1.440010135865234,3.859798233349768,1
5.657759213342482,1.4210115438166446,3.9216598471433928,1
5.696001593714982,1.3846032582281804,3.948167445276494,1
5.510019953274853,1.5285238050194903,3.8192547955695044,1
5.581482870381547,1.4256741733312464,3.8687891150765985,1
5.6268570853258675,1.4956564180057936,3.9002401242353755,1
5.498401695269916,1.5520747309963396,3.8112016327903646,1
5.5255715242953904,1.4884993778195899,3.830034323175669,1
5.640803453042079,1.4006358587929129,3.9099070096969193,1
5.471425806158971,1.55135148786885,3.7925033713100165,1
5.602875811659711,1.4363382475086859,3.8836175720074437,1
5.468795488093679,1.5469350389055274,3.790680173759083,1
5.740486238829391,1.3621567237204335,3.9790018516157564,1
5.704531110444428,1.3378095523830527,3.954079655749048,1
5.648872641705466,1.4103991335660515,3.915500145068354,1
5.60691761737087,1.4394956129580438,3.886419138240504,1
5.590794082271875,1.4135058804256415,3.8752431553459763,1
5.631493348311809,1.4476736273361128,3.9034537368524154,1
5.602764919892778,1.452795395328612,3.8835407076918447,1
5.254234638304772,1.7938127202318603,3.6419579256693555,1
5.86735016809652,1.223841521971629,4.066937226502024,1
5.52780491783801,1.5283076094690375,3.8315823936128166,1
5.569069416391235,1.4414122301194299,3.8601847644422045,1
5.546818319453955,1.4988352311506685,3.8447614793357614,1
5.3373905985879855,1.6827373028621406,3.699597245086421,1
5.666437214324203,1.39077402070623,3.9276749790567713,1
5.623436434411106,1.3993013471340578,3.8978691096981297,1
5.515246473412166,1.5257711430388887,3.822877543266823,1
5.341329600751359,1.6735908623878306,3.702327553330182,1
5.620241430319468,1.4350403110765364,3.895654501620133,1
5.661440960273747,1.396631021726362,3.9242118396483363,1
5.750366701895475,1.345725844226575,3.9858504667326384,1
5.391805556461772,1.5972232083629807,3.7373148197169233,1
5.586535992287139,1.4383380998565185,3.872291672278487,1
5.710460381411634,1.3479153837120226,3.958189513202744,1
5.6957842673585475,1.3546241248013855,3.9480168061252696,1
5.671331676955166,1.3944994785422704,3.931067562029777,1
5.548706326884725,1.439681881244558,3.8460701463632767,1
5.536337070738888,1.5170192889625609,3.8374964313401643,1
5.745107282271709,1.3359182924501176,3.982204914849042,1
5.734193308214945,1.3453834970278598,3.9746399245028945,1
5.34389422952543,1.641679111867456,3.704105218534112,1
5.768909512898914,1.3254842814207983,3.998703363899329,1
5.804930053106364,1.254866935397497,4.023670899786367,1
5.50229992976514,1.5266425897062224,3.813903683039892,1
5.672396055420446,1.4457051042674407,3.9318053329620355,1
5.6478018292793895,1.4089294239737122,3.9147579144543077,1
5.715327289656886,1.3415617565255331,3.961562996930985,1
5.761590094143685,1.341719108155954,3.9936299294258033,1
5.613041788598664,1.4430607919998786,3.8906640902603162,1
5.617687457696693,1.4281970099392711,3.8938842226974275,1
5.647988485818269,1.3921170306078223,3.9148872949079667,1
5.580012502097331,1.464106762116999,3.867769933446008,1
5.5263293701747545,1.5364223906237602,3.830559621910247,1
5.5545655862545,1.4872734990751983,3.8501314754756066,1
5.615750534823986,1.4082678682289536,3.8925416500692505,1
5.665829607372217,1.3552031823046764,3.927253818011112,1
5.652925085381069,1.3859927152738072,3.918309084976477,1
5.471083085143664,1.5719227171736387,3.7922658152045363,1
5.655583084555707,1.4010919096694314,3.920151469610307,1
5.408879085917491,1.598916744500233,3.7491492885213624,1
5.665094833974404,1.4011704828403322,3.9267445119020685,1
5.389686536412403,1.68529991523228,3.7358460269441527,1
5.666306359012065,1.355075665586253,3.9275842770661007,1
5.331518933256027,1.6859804457678593,3.69552731681638,1
5.648231530421727,1.3953907892769908,3.9150557605896035,1
5.659534447738341,1.4283209392965792,3.9228903458597184,1
5.683447267140904,1.3425431547622038,3.939465449207842,1
5.7610280632758295,1.339923286609101,3.9932403593143615,1
5.7304995530465535,1.3449994872336708,3.972079608522244,1
5.730799436607995,1.3291926772352716,3.972287471967354,1
5.716639356246863,1.3203793799633567,3.9624724521885324,1
5.74205451948012,1.374700863507256,3.9800889009271345,1
5.6490884705198425,1.387454498492879,3.9156497462025217,1
5.725245553322575,1.3859510323742215,3.968437813426906,1
5.69979213852166,1.3505197776358357,3.9507948507220285,1
5.412934259502862,1.7177735346226914,3.751960120658741,1
5.427176829727021,1.573976006694339,3.761832318053546,1
5.4616213722595575,1.5600848613020974,3.785707455595651,1
5.632564389237232,1.4454381426755356,3.9041961258501368,1
5.479492128252867,1.5193660596693301,3.7980945197268894,1
5.505879816184361,1.5649709725808956,3.8163850712180993,1
5.541610589839233,1.51011245270757,3.841151756236199,1
5.244424364090946,1.7634887669104737,3.635157961757523,0
5.564743484661435,1.5331673242620956,3.8571862570603987,0
5.477229108595436,1.5719997599759217,3.7965259140317897,0
5.5672525398492585,1.4626612665984746,3.858925401589707,0
5.644981413337238,1.4165512504123392,3.9128029510960016,0
5.466682398796975,1.540454003465033,3.7892154918708005,0
5.342273260502199,1.6931664328029492,3.7029816484258844,0
5.525891420877817,1.5082947303222505,3.830256058589848,0
5.562570926765268,1.4823873854451302,3.855680354680066,0
5.371164200751519,1.6504681323719195,3.723007322203426,0
5.498589155975628,1.483181888682286,3.811331570649995,0
5.600629714004613,1.4406076241423922,3.882060695750549,0
5.537250584854531,1.5026800121001103,3.8381296310738264,0
5.734942906122175,1.3350949932246121,3.9751595061788443,0
5.697262834014706,1.3720525816428624,3.949041670434256,0
5.568671228260349,1.4600374961807694,3.8599087614619463,0
5.128776302564467,1.845575317904989,3.5549968339732203,0
5.406552708094596,1.6405355192716946,3.747536766292505,0
5.573251469026937,1.4821565113487467,3.8630835424355934,0
5.746217393029186,1.3629288785921092,3.982974384990699,0
5.26498908605325,1.6915310431943997,3.649412340804692,0
5.54690090061108,1.502064676620783,3.84481872023199,0
5.634473267506422,1.4414269034277203,3.905519259440458,0
5.440646151662634,1.6289047327456694,3.771168540577271,0
5.469403868213611,1.5460665493608081,3.7911018707239235,0
5.522116240510509,1.5078245980581368,3.827639302962143,0
5.763563195535983,1.3394208389126614,3.9949975790928356,0
5.508384656685973,1.496402024102243,3.818121294349544,0
5.581006256478585,1.439143284587704,3.868458751493546,0
5.588232592099658,1.4371414922627663,3.873467665655073,0
5.180433421698304,1.8385044529910688,3.590802820456689,0
5.5113837073375995,1.4999205877725628,3.8202000778530745,0
5.532690892267489,1.5127929075492204,3.834969093012897,0
5.546461649066239,1.4790751543051963,3.8445142542621284,0
5.407774217758937,1.59334064649095,3.7483834522723707,0
5.5200471103304505,1.4896287538153334,3.826205091211624,0
5.262261609208114,1.7608726023590775,3.6475217979194445,0
5.540098433949948,1.5198181252613305,3.840103609644972,0
5.413399842412711,1.6395047004763998,3.752282838140022,0
5.595902593227089,1.4722054313420956,3.878784105311443,0
5.554411428526026,1.4685182255983715,3.850024621480751,0
5.516890144040218,1.5278515492210896,3.8240168489284265,0
5.608926746577215,1.4669281491405768,3.8878117604852624,0
5.632974944039969,1.405411168311363,3.9044807007541182,0
5.514956631879027,1.5259154607602914,3.822676640425319,0
5.234293850235246,1.8005325696032013,3.628136024640821,0
5.491268760824388,1.5482592902677557,3.8062574593903276,0
5.687618095622397,1.3547635927013195,3.9423564472103885,0
5.452291500800707,1.5645425689660222,3.7792404814989626,0
5.724595565017036,1.3691179548097332,3.9679872758655232,0
5.35119154350124,1.720408871333209,3.7091633311421064,0
5.506020087141,1.4645092345591855,3.816482299636207,0
5.243974186993111,1.7072465573052684,3.6348459227714063,0
5.1575633207684,1.7953608866189699,3.574950474478004,0
5.555409715555266,1.4695751902687875,3.8507165813204596,0
5.330297087739913,1.720778696758546,3.6946803980418075,0
5.509829011442468,1.5012285016209859,3.819122444776736,0
5.396972340823317,1.6068920296226672,3.7408961617296894,0
5.382994516059305,1.6299617605883059,3.7312074719041535,0
5.399744127578437,1.5729156327878375,3.742817417904114,0
5.517664408271946,1.488966549940653,3.8245535279976584,0
5.519817986461483,1.5432603325277587,3.826046274647851,0
5.372425606783237,1.6762871231190213,3.723881662237854,0
5.750974951598733,1.330216973341975,3.986272073299528,0
5.759162260015972,1.3449504560749106,3.9919470830453125,0
5.416789804472643,1.600711896043926,3.7546325807840684,0
5.691358512871867,1.3786794256776727,3.9449491068809763,0
5.666722651085422,1.4154334442526555,3.927872828743037,0
5.643909883439434,1.4024295543595766,3.912060223168454,0
5.724871706712703,1.346784448663119,3.9681786827033108,0
5.647662671239594,1.3769756805330426,3.914661457451373,0
5.65384094022134,1.430757884832306,3.9189439071768106,0
5.671745443688776,1.371437804229214,3.931354363274589,0
5.701108692419579,1.3691407615965887,3.9517074163444272,0
5.6509482233699755,1.4006058770586576,3.9169388286471296,0
5.496907505039967,1.494136641893464,3.810165939045255,0
5.223757904836514,1.765509098551082,3.620833063793155,0
5.610410790159237,1.4290251628397113,3.888840421109969,0
5.493742072768095,1.5330254237551688,3.8079718285907544,0
5.334521392892711,1.6602638243960444,3.6976084632482946,0
5.535644660808589,1.4854929374034882,3.837016489349187,0
5.608825505885302,1.4160875360975722,3.887741585785105,0
5.513505528145427,1.520070793576564,3.821670811963674,0
5.5341456112952425,1.5056389472444047,3.835977427405491,0
5.549328420592851,1.4705759848940307,3.846501348863109,0
5.37868459661638,1.6926022671483942,3.72822006339385,0
5.646240465966846,1.386004000516066,3.9136756598763895,0
5.50705921471217,1.5161040722998516,3.817202567982406,0
5.52633403034967,1.5114701935109254,3.830562852097351,0
5.444935321508528,1.5730631744132788,3.774141566562896,0
5.699476395045199,1.3920245003895453,3.9505759940215395,0
5.586666557469481,1.4482078692792244,3.8723821731665056,0
5.444028421820958,1.578192320618495,3.773512951601404,0
5.639374116366598,1.4232994033902648,3.90891626901024,0
5.396532544122458,1.611579147483423,3.7405913178864694,0
5.172324959328531,1.814805492946336,3.5851824626264044,0
5.557373993536366,1.4538549027089618,3.852078115064895,0
5.536264735468466,1.5159825215166818,3.8374462923514177,0
5.583132192095084,1.4360200770307192,3.869932337772173,0
5.51164727625038,1.57384935882553,3.820382769901851,0
5.643645645721918,1.3875487662192665,3.9118770675395584,0
5.603661990530073,1.4559712204038828,3.88416250967485,0
5.3313012211320085,1.6877911468468185,3.695376410271443,0
5.585250269871572,1.4844128846770495,3.8714004774111537,0
5.5469878871046845,1.4657727133290217,3.844879014674778,0
5.460307313744334,1.5521742538831145,3.7847966196407317,0
5.538954647253101,1.4645906586440085,3.839310797120893,0
5.584083443932824,1.51383482634747,3.8705916953015063,0
5.681535184572976,1.3523430891830177,3.9381400945668847,0
5.614303573043099,1.442573311141398,3.8915386925904496,0
5.559547803568893,1.5163751973110295,3.8535848853600134,0
5.693153892205471,1.3769263894861337,3.9461935690041012,0
5.448094403547637,1.5681496112196402,3.7763312753714606,0
5.6105063706370055,1.4431084872977828,3.8889066724486514,0
5.395876750344177,1.6132858556978458,3.7401367562780248,0
5.588879544785259,1.4235222669493965,3.8739160990850516,0
5.655202316773574,1.394103493384609,3.9198875414956715,0
5.507929732224026,1.5104708923110743,3.8178059647413773,0
5.574715879145724,1.4158410490278839,3.8640985941806134,0
5.53819858823889,1.5115157251053963,3.8387867369468553,0
5.48938783011248,1.5630530968710385,3.8049536975705407,0
5.6582944671069875,1.396415104430534,3.922030856781147,0
5.594343518193335,1.5222873648323247,3.8777034368475145,0
5.742117838224306,1.3060720579912501,3.9801327901361447,0
5.493763252462166,1.528545845771629,3.8079865092359846,0
5.421210560138639,1.6192382669560754,3.757696815109898,0
5.359747438920504,1.6176392291767832,3.7150938259291344,0
5.162717221079376,1.8176579626070877,3.578522885947443,0
5.325688798796863,1.681809400345638,3.6914861755537256,0
5.4884429767564775,1.5550009758086194,3.8042987751307837,0
5.552615909291807,1.491743053343116,3.8487800623859125,0
5.4195869344831245,1.5369989359189329,3.756571403564492,0
5.507081771505914,1.4907462030572607,3.817218203160392,0
5.484501770373335,1.520787904269918,3.8015669390383033,0
5.624892118366655,1.4222148570073283,3.898878112927704,0
5.460720078779959,1.552183460939753,3.7850827265614098,0
5.535865720195665,1.4999938401086907,3.8371697160400755,0
5.522079369622247,1.4996482572169563,3.8276137460098996,0
5.514151967568782,1.4725138701386258,3.822118889627375,0
5.500423740879805,1.5116060445633566,3.8126032080038232,0
5.802623498226987,1.2991995338183873,4.022072117774922,0
5.699018636501755,1.379152170428655,3.9502586999777733,0
5.480641055530189,1.555836136334654,3.7988908954298326,0
5.58970733000453,1.4445467342241,3.8744898760758986,0
5.587911085001353,1.4626617930751444,3.8732448139163504,0
5.827942027712945,1.2304202207503667,4.039621585104038,0
5.785227101910891,1.3399600968441905,4.010013854716517,0
5.422962581673364,1.6211106908654882,3.758911223896973,0
5.7229767243479674,1.380641964398705,3.9668651810199833,0
5.756275048245843,1.2919637296692887,3.9899458203471685,0
5.679027302088514,1.389448968502772,3.9364017628936043,0
5.7558602968953725,1.326874769571824,3.989658336617956,0
5.622308024008645,1.4229738617354795,3.897086955209148,0
5.533823125626144,1.4772819155051793,3.8357538973731846,0
5.491564881409836,1.509338573255261,3.806462714539238,0
5.362867996963537,1.6652746448994469,3.7172568319384363,0
5.594918778357544,1.4457625101769593,3.878102176808424,0
5.754980122876086,1.2997772165702475,3.989048246478085,0
5.710709546436901,1.3630434540769842,3.9583622212375014,0
5.633521898246921,1.4015885824915846,3.904859820520563,0
5.587423701324179,1.4445169358242744,3.8729069852946685,0
5.552056667242669,1.5347960196039674,3.848392425336302,0
5.4009393035481725,1.584285614762072,3.74364585075781,0
5.649735261955637,1.4113009318931578,3.916098067862653,0
5.457693190418137,1.606620689015967,3.7829846474275435,0
5.57621354014022,1.4716327218647103,3.8651366936763822,0
5.518678493326069,1.5240738246578704,3.8252564381937715,0
5.681703210524372,1.3649738271389558,3.938256561281356,0
5.497915185735327,1.520362293229257,3.810864410078148,0
5.65966982637864,1.4074349156365877,3.9229841831825483,0
5.794175121894906,1.3359291914633538,4.016216149540031,0
5.633134350743417,1.4505428593832312,3.904591193061176,0
5.508396474539003,1.5248202938097926,3.818129485861051,0
5.642112559272929,1.433688778287863,3.910814412989885,0
5.574029193944021,1.4651633360272294,3.863622620269121,0
5.583927301664218,1.4467576231495072,3.870483465728254,0
5.568002945105377,1.5256806149799724,3.859445542877262,0
5.654037204369291,1.4961918696326115,3.9190799471176074,0
5.60673141344229,1.4855366089728357,3.8862900715123985,0
5.539639180304837,1.499266425239034,3.839785279275703,0
5.354771042137376,1.6629104849126464,3.711644450529562,0
5.876578101507227,1.239634084229597,4.073333542528049,0
5.567365105626314,1.422661445841441,3.8590034262407,0
5.583047770173927,1.4464487926609046,3.8698738209555454,0
5.515475709087099,1.516307529183812,3.8230364373285863,0
5.490652336133073,1.546983097697922,3.805830186353517,0
5.6817922233716995,1.4330934283905956,3.9383182602855147,0
5.749853300103842,1.2904556084718968,3.985494603728274,0
5.549662882201404,1.4927617919064158,3.8467331799840823,0
5.598725935431506,1.494697985115428,3.880741097000191,0
5.539461479665386,1.4936543064498862,3.8396621065784826,0
5.59291450581836,1.4533355900770975,3.8767129209488163,0
5.508050109915275,1.5583503774228913,3.817889404198668,0
5.568481608849492,1.4978876472132416,3.8597773273019333,0
5.625307017480193,1.3886857854827015,3.899165699078469,0
5.523614684642984,1.4810338647526986,3.828677945287795,0
5.690971542836017,1.383078694196716,3.9446808796916653,0
5.614834742347087,1.4219264562396026,3.891906871095909,0
5.645003945148998,1.410133927156971,3.9128185689577952,0
5.639567906861844,1.4017980612438579,3.9090505943456364,0
5.635644815358987,1.4286757222008852,3.9063313145313545,0
5.534923797256491,1.5086362229731547,3.8365168248104813,0
5.410563541536286,1.6038954248462929,3.7503168641843083,0
5.430781893858187,1.6119603234691215,3.764331158091801,0
5.312755053377384,1.6484176692574568,3.682521186382134,0
5.39991749724033,1.6101904908435989,3.74293758859645,0
5.58648686652448,1.466745280222671,3.8722576208946053,0
5.689970251545073,1.3334178122698546,3.9439868374564298,0
5.39432738295549,1.5997063705452907,3.7390628166409043,0
5.466837579558194,1.5582191877596745,3.7893230549779164,0
5.544053377039787,1.5367890049899742,3.842844967296972,0
5.5536854389028925,1.4931978163049027,3.849521403820362,0
5.399866707826666,1.6254196018217304,3.742902384057566,0
5.721382001973677,1.3695864698250588,3.965759803702469,0
5.436147548950117,1.5861053247831007,3.7680503467906297,0
5.688138299377926,1.3918652801893903,3.9427170249768513,0
5.414729326718829,1.623755263065449,3.753204366438406,0
5.532610890113017,1.4959875952607615,3.8349136397450865,0
5.606071798049415,1.4453388379043892,3.8858328609625747,0
5.493052149894886,1.5215431493110134,3.8074936104963855,0
5.526408910546158,1.4769045535714853,3.8306147550944276,0
5.743706929030013,1.3275519964103129,3.9812342639477736,0
5.475787377355732,1.5307165873527717,3.795526582087861,0
5.500697596315273,1.5476284734938608,3.812793030126798,0
5.511865663222709,1.5027570211515466,3.8205341442159915,0
5.586054821346729,1.4866175238165427,3.871958149997774,0
5.3686377764811315,1.6003882660458546,3.7212561383435085,0
5.781353844589432,1.2812633339378316,4.007329117324565,0
5.58584677040242,1.449594143982661,3.871813940072314,0
5.587743154210144,1.4578837748940714,3.8731284131618953,0
5.602922081853016,1.4624338663231236,3.883649644061475,0
5.543235266965896,1.5506686278920094,3.842277896605866,0
5.487572274523096,1.537195528952711,3.803695250332609,0
5.101723788320056,1.8764591757789362,3.536245459997648,0
