concept_score_bilateral_involvement,concept_score_crazy_paving_pattern,concept_score_absence_of_lobar_consolidation,concept_score_ground_glass_appearance,med_task_prob_covid,med_neural_prob_covid,label
0.6616187,0.46377796,0.5503603,0.7449951,0.9999491,0.46096155,1
0.6581097,0.4661141,0.5474149,0.72536993,0.99973375,0.45979664,1
0.6632518,0.46671897,0.55485904,0.74574596,0.99996376,0.4565551,1
0.6563231,0.46706787,0.5495526,0.72939765,0.99968183,0.45802835,1
0.65456134,0.46640068,0.5460903,0.73397803,0.9999713,0.4609862,1
0.6539971,0.46306306,0.544837,0.74116135,0.99994266,0.46400124,1
0.54569143,0.3728298,0.56296194,0.6468391,0.9923504,0.46261108,1
0.5567258,0.39027572,0.5730763,0.62360543,0.9884404,0.46008807,1
0.67808855,0.46360224,0.5584719,0.75805527,0.9999902,0.45715037,1
0.6384353,0.46913907,0.5356087,0.69188565,0.99976224,0.4643913,1
0.6448748,0.4677599,0.5400422,0.7177039,0.9996251,0.462312,1
0.6449603,0.46762574,0.5466323,0.7246214,0.9998952,0.45870084,1
0.6663207,0.46149397,0.5514188,0.7546644,0.9999429,0.46149397,1
0.6161863,0.4619688,0.5316529,0.6973689,0.9989041,0.46834707,1
0.69376016,0.46251613,0.5658832,0.77588105,0.9999951,0.45497862,1
0.70629644,0.45702833,0.57673603,0.80236924,0.9999982,0.45178124,1
0.6916254,0.4619458,0.56616116,0.7782897,0.9999964,0.45432436,1
0.6312161,0.4653206,0.53468853,0.71337706,0.99964046,0.46581215,1
0.6532716,0.46814883,0.5461478,0.72325593,0.99992275,0.45949757,1
0.6248575,0.45134598,0.53529346,0.69414705,0.9968453,0.46675247,1
0.5716505,0.39756444,0.5378777,0.66377544,0.99345714,0.4608953,1
0.61993355,0.44619855,0.5343543,0.68486965,0.9990018,0.4698796,1
0.61071175,0.46783495,0.52761006,0.6941767,0.998814,0.4695875,1
0.6199555,0.4768209,0.5296775,0.6568775,0.9950831,0.46878943,1
0.61319184,0.43271065,0.5219604,0.70771474,0.99660206,0.45995966,1
0.6027002,0.47323376,0.52076626,0.6718804,0.99843174,0.46908712,1
0.5847021,0.47669697,0.51600266,0.6637396,0.9908194,0.467518,1
0.65207314,0.44952932,0.5415766,0.800655,0.99999547,0.44952932,1
0.60543674,0.46914724,0.5269488,0.6807063,0.99624854,0.468839,1
0.6162435,0.46405068,0.5300498,0.72710204,0.99986696,0.46878245,1
0.63966715,0.4620681,0.53970045,0.742067,0.9999198,0.46786845,1
0.63746315,0.4660064,0.5378337,0.7207004,0.99975806,0.4655126,1
0.61907196,0.46222234,0.5311525,0.71422964,0.99965906,0.46966407,1
0.6497972,0.46961915,0.5420705,0.7053511,0.9996859,0.45986545,1
0.647218,0.46689764,0.5399262,0.7233241,0.99990666,0.46386346,1
0.667745,0.4664683,0.5496034,0.7431591,0.99997044,0.45928594,1
0.6348376,0.46413484,0.5359528,0.726729,0.9998746,0.46756855,1
0.6602579,0.46550187,0.5513473,0.74386877,0.99997413,0.45938858,1
0.68741244,0.45493862,0.5630272,0.7463972,0.9997433,0.4534067,1
0.6455925,0.46504024,0.54264253,0.7269193,0.9996088,0.46319634,1
0.69096476,0.45807022,0.56845814,0.7889014,0.9999949,0.45604002,1
0.6058476,0.41581342,0.5514079,0.69067997,0.99271375,0.45478296,1
0.6235363,0.46648648,0.53081894,0.7050437,0.99894696,0.46918106,1
0.6483901,0.4631614,0.5435407,0.7367068,0.99982053,0.4643489,1
0.6658745,0.4638077,0.5531423,0.74685466,0.999915,0.4590259,1
0.6749332,0.46484873,0.55541813,0.7327494,0.99988306,0.45561096,1
0.5988582,0.45334074,0.5241843,0.66303664,0.99131376,0.4665082,1
0.61832064,0.46810332,0.5335414,0.69325036,0.99843055,0.46645862,1
0.6420958,0.46466312,0.54033214,0.72801524,0.99987257,0.46506396,1
0.5756663,0.46016872,0.51412433,0.62981546,0.98287535,0.46172908,1
0.6857424,0.45741755,0.5620442,0.7864764,0.9999951,0.45741755,1
0.68377733,0.45561498,0.5635047,0.7947489,0.9999881,0.45561498,1
0.6827182,0.45100838,0.56064487,0.8123978,0.9999987,0.45100838,1
0.6157408,0.44888362,0.52441424,0.70654273,0.9978619,0.4632891,1
0.6680488,0.45940542,0.553433,0.7674103,0.99996233,0.45940542,1
0.6633362,0.4591427,0.55162334,0.74670595,0.99968743,0.46116966,1
0.6638016,0.45640653,0.55522233,0.7802145,0.9999807,0.45640653,1
0.6658757,0.459783,0.55554026,0.76201326,0.99991655,0.459783,1
0.54616064,0.38561866,0.56286824,0.680751,0.9892322,0.45662785,1
0.6179455,0.46352693,0.5279006,0.7504936,0.9999734,0.46352693,1
0.576525,0.46779937,0.5148712,0.6304761,0.9883327,0.46279642,1
0.618291,0.46639794,0.52830076,0.7003369,0.99843806,0.47094575,1
0.5923102,0.47737804,0.516658,0.6490025,0.9968335,0.4659702,1
0.61115533,0.45894098,0.53019285,0.66796875,0.9983942,0.4674388,1
0.62644315,0.4527997,0.54295444,0.70098937,0.99752337,0.46806216,1
0.6583039,0.46113467,0.5480392,0.7554574,0.9999782,0.46123558,1
0.6895074,0.45833698,0.565013,0.7786506,0.99998677,0.45717624,1
0.6715789,0.45068857,0.5557004,0.80066186,0.9999832,0.45068857,1
0.6590438,0.45066005,0.55004907,0.7299633,0.99989843,0.45886073,1
0.67524624,0.45769638,0.5577326,0.7538143,0.99992716,0.45814684,1
0.6503766,0.46920383,0.5409202,0.7105615,0.99957806,0.46109098,1
0.64697105,0.46166205,0.5424325,0.736806,0.9998858,0.46362525,1
0.67161435,0.46480092,0.55285573,0.7454052,0.9999789,0.45908955,1
0.7092697,0.45037615,0.57586205,0.8240081,0.9999987,0.45037615,1
0.67383325,0.4634986,0.5560936,0.7531077,0.99997044,0.45825705,1
0.61885715,0.46098158,0.5404136,0.6890684,0.998694,0.46946692,1
0.6683091,0.4630055,0.55343276,0.7491624,0.9999622,0.45986354,1
0.6249005,0.45259023,0.53014857,0.71602607,0.99925727,0.4653977,1
0.60174626,0.46099895,0.51937616,0.67631423,0.99696666,0.46903488,1
0.67769694,0.46647632,0.5553339,0.7282449,0.99992955,0.45471832,1
0.67053014,0.451057,0.55199957,0.805396,0.99999845,0.451057,1
0.65874153,0.4656461,0.5470838,0.7326327,0.9999386,0.46110243,1
0.60834575,0.46161947,0.5240584,0.7228531,0.9994825,0.46632206,1
0.68586355,0.4594885,0.56275624,0.7753894,0.9999852,0.45813683,1
0.63619524,0.43724945,0.5483973,0.72610927,0.99951005,0.46312457,1
0.67439,0.46765593,0.5521897,0.73450226,0.9999585,0.457362,1
0.66340864,0.45851055,0.54915273,0.77269304,0.999974,0.45851055,1
0.7053216,0.4631135,0.56762767,0.7694488,0.99999106,0.45258105,1
0.6421,0.4743137,0.5340591,0.675815,0.99951947,0.4659409,1
0.67592674,0.4534909,0.5518374,0.73412764,0.9999455,0.45724753,1
0.6187187,0.4697991,0.5280428,0.6876824,0.99862814,0.47128445,1
0.6466217,0.46638513,0.54505825,0.7316655,0.99990094,0.46161145,1
0.50561094,0.39125484,0.53559715,0.5852406,0.8497774,0.45588607,1
0.617954,0.45144343,0.5244157,0.69062495,0.9943335,0.46544898,1
0.6091188,0.44075593,0.52734774,0.67630804,0.99757344,0.4649442,1
0.6200771,0.4749662,0.5279958,0.6614843,0.9967759,0.4689709,1
0.6846052,0.45260292,0.56699175,0.81557786,0.99999917,0.45260292,1
0.6520289,0.45533004,0.54662246,0.7748882,0.9999887,0.45533004,1
0.6513339,0.4624551,0.54375017,0.7431998,0.99991703,0.46485412,1
0.62860423,0.45957127,0.5364203,0.729987,0.99955887,0.46813947,1
0.70159465,0.45236453,0.57597333,0.8209842,0.99999833,0.45236453,1
0.63878256,0.46348107,0.5439136,0.7503513,0.9999647,0.46337095,1
0.6332739,0.45792574,0.5277946,0.68675077,0.99840134,0.47216478,1
0.6483459,0.4641407,0.5438549,0.73245955,0.9998361,0.4633602,1
0.6565686,0.4706154,0.5470789,0.7110911,0.99967504,0.45646048,1
0.66201675,0.4664561,0.54987895,0.7343658,0.99992836,0.4589367,1
0.65099233,0.47240368,0.5429567,0.69545066,0.9993074,0.4570433,1
0.60764855,0.471924,0.5222615,0.6775675,0.99851614,0.47003534,1
0.63381773,0.4674367,0.5360388,0.70997626,0.999553,0.46453056,1
0.67912525,0.46123123,0.5589428,0.75775856,0.99998724,0.457441,1
0.6334645,0.46781343,0.5349573,0.7044907,0.99926335,0.4650427,1
0.6510648,0.4658262,0.5442807,0.7226469,0.9998161,0.46135187,1
0.6429606,0.4629725,0.5410738,0.73613906,0.9997782,0.46602818,1
0.60231453,0.4695605,0.5204366,0.68668264,0.9988055,0.46952623,1
0.67182666,0.46076944,0.5553944,0.7663952,0.9999577,0.46076944,1
0.588343,0.4383107,0.5149755,0.67057216,0.9899149,0.46384314,1
0.6366147,0.46966398,0.54025316,0.71307474,0.9993954,0.46172765,1
0.681676,0.45975092,0.5596543,0.7743462,0.99996006,0.45904204,1
0.6716703,0.46258086,0.55129427,0.7181587,0.99949276,0.45427576,1
0.5682683,0.42811522,0.5350194,0.64724576,0.9727684,0.45185712,1
0.60808176,0.4707074,0.5227048,0.6748859,0.99883646,0.46906844,1
0.65275776,0.46602726,0.54595464,0.7263777,0.9997873,0.46074313,1
0.6247662,0.4698241,0.53122944,0.6925456,0.99947804,0.46877056,1
0.57904655,0.3807574,0.5940767,0.67528665,0.9955514,0.4587103,1
0.5941269,0.4767028,0.51583165,0.6563129,0.99676275,0.46642873,1
0.6635712,0.4636944,0.5515031,0.7398525,0.9997979,0.4594532,1
0.6658028,0.46936235,0.5484305,0.70388836,0.99949193,0.4553877,1
0.64148784,0.4510066,0.5399373,0.71841526,0.9996847,0.46433926,1
0.68669367,0.45888114,0.5625509,0.78202,0.9999962,0.45826155,1
0.6689045,0.4647843,0.55348843,0.74715525,0.99994326,0.45876652,1
0.6720221,0.46611705,0.55321795,0.7373901,0.99993443,0.45740667,1
0.6680268,0.46186367,0.5554034,0.7539419,0.9999529,0.45897284,1
0.6687365,0.46120876,0.5532659,0.75621563,0.9999474,0.46114203,1
0.64801663,0.44287467,0.5447962,0.7942426,0.99991167,0.44287467,1
0.6514495,0.4227013,0.56434286,0.7370236,0.999764,0.4581445,1
0.68338233,0.4541021,0.56265306,0.7968945,0.9999672,0.4541021,1
0.68256694,0.46000263,0.56051,0.7629589,0.9999391,0.45662954,1
0.67969686,0.454126,0.560716,0.7934973,0.99998534,0.454126,1
0.6509508,0.46444374,0.5434445,0.715855,0.99938667,0.45956257,1
0.69954336,0.44921198,0.57361597,0.8249586,0.999998,0.44811133,1
0.73449665,0.4539622,0.5878522,0.8129722,0.9999939,0.44695744,1
0.5007331,0.29470536,0.5851491,0.60565126,0.80085266,0.45503744,1
0.50704557,0.3566406,0.5641029,0.6059522,0.90800196,0.45832947,1
0.682034,0.4473198,0.55654687,0.77510804,0.9998956,0.4473198,1
0.56421494,0.42163056,0.5495572,0.63889664,0.9586741,0.44956902,1
0.5129059,0.34196982,0.5432544,0.59734935,0.974342,0.45836997,1
0.6235495,0.46744776,0.533759,0.70711255,0.99939406,0.466241,1
0.61684376,0.46805766,0.52745384,0.69453466,0.9995103,0.47169262,1
0.6693212,0.4632302,0.5572863,0.756504,0.9999311,0.457496,1
0.6574612,0.4640104,0.5534721,0.7508611,0.99992573,0.45875266,1
0.66437346,0.4597367,0.5564746,0.77661556,0.9999949,0.4597367,1
0.5246733,0.41243017,0.5360006,0.5887249,0.63130575,0.45517012,1
0.63798547,0.46477574,0.5381787,0.7225291,0.9997683,0.465202,1
0.59672606,0.47147587,0.5182598,0.68016326,0.99852234,0.46790546,1
0.6580013,0.46156678,0.54866076,0.75464064,0.9999515,0.46201712,1
0.6290831,0.46651718,0.53342813,0.7142801,0.999818,0.46724197,1
0.59968936,0.47784635,0.52360207,0.64520615,0.9961414,0.46661943,1
0.61767834,0.47576562,0.52941686,0.6615967,0.99756324,0.46928886,1
0.61950034,0.46474046,0.5312893,0.71966857,0.9998803,0.4695073,1
0.67078584,0.4604826,0.5576791,0.77233946,0.99999094,0.4604826,1
0.6464599,0.46694994,0.5452347,0.7288763,0.9998909,0.4608698,1
0.6647053,0.4627212,0.5531061,0.7488609,0.9998753,0.45976081,1
0.63424885,0.46270335,0.53840715,0.7373934,0.9998661,0.46744958,1
0.62934774,0.46602136,0.53563434,0.717828,0.99970144,0.46586627,1
0.59762454,0.46952438,0.51853555,0.68277025,0.9964038,0.46751884,1
0.6247023,0.46555462,0.5316825,0.7118523,0.9994199,0.4683175,1
0.6359909,0.46394357,0.54153836,0.7308929,0.9993332,0.46435332,1
0.599048,0.46173224,0.5173393,0.6751325,0.9931443,0.46497864,1
0.6583552,0.45979014,0.5495442,0.758342,0.99991345,0.4598583,1
0.63015205,0.4666919,0.5368212,0.7190723,0.9998491,0.46513456,1
0.5306608,0.41371557,0.5246663,0.5960723,0.8975424,0.45714834,1
0.580836,0.46901923,0.5111221,0.6236523,0.98279107,0.46157283,1
0.6147877,0.46152788,0.52478987,0.68375605,0.993028,0.46839908,1
0.5389627,0.37117434,0.5582682,0.63225406,0.9748507,0.46103728,1
0.6802131,0.46814448,0.55551994,0.7197996,0.9997985,0.45289877,1
0.6117821,0.47071,0.52395195,0.6660244,0.99653184,0.46728703,1
0.6436326,0.4627022,0.54402167,0.742912,0.99989796,0.46439034,1
0.60326993,0.45266283,0.52457696,0.6839823,0.99087286,0.46950677,1
0.6158726,0.46234998,0.52345914,0.67297846,0.99679035,0.46884707,1
0.6474011,0.46703205,0.54154474,0.71789354,0.999752,0.4623563,1
0.6132347,0.47587442,0.5268073,0.6590053,0.9969658,0.4685931,1
0.6170797,0.47308174,0.53069335,0.6841868,0.9993838,0.46930665,1
0.62138355,0.46786845,0.52722,0.6736884,0.99686795,0.47020864,1
0.54166454,0.37118348,0.55614126,0.64276856,0.9889437,0.45833546,1
0.6232263,0.46917915,0.5299485,0.68655527,0.9992955,0.47005153,1
0.6250613,0.47002053,0.5269617,0.66249573,0.99799806,0.46905175,1
0.6229727,0.47186163,0.5311744,0.6889382,0.99951506,0.46882558,1
0.60309434,0.45722458,0.5188923,0.6557402,0.99304235,0.46659052,1
0.7055388,0.44854298,0.57792574,0.83584183,0.9999999,0.44722724,1
0.5039443,0.37867442,0.5385076,0.5911409,0.9008645,0.45428458,1
0.6359677,0.46553695,0.5391384,0.7218549,0.9993849,0.46455133,1
0.49698296,0.19550936,0.85950625,0.44747195,6.48876e-06,0.33444408,0
0.49148345,0.28968665,0.7143761,0.46359864,0.0021731323,0.38715255,0
0.5319442,0.09921191,0.9519204,0.44425943,2.2742856e-09,0.26065445,0
0.51754546,0.10987844,0.94170874,0.42361924,1.895301e-07,0.27493012,0
0.5228495,0.08314679,0.9614802,0.4589587,4.7363646e-10,0.23655352,0
0.49482372,0.22331254,0.7983249,0.43231985,2.054596e-05,0.3532945,0
0.5464316,0.26190493,0.8181754,0.45446315,0.00020538882,0.37580338,0
0.5396551,0.15687515,0.9120584,0.43650618,1.0748073e-06,0.3169767,0
0.50420034,0.2515056,0.81228447,0.487284,4.603946e-05,0.36772048,0
0.5067714,0.1844216,0.87240964,0.47016966,9.736494e-07,0.31907538,0
0.5105938,0.15591,0.90294254,0.45800424,3.260299e-07,0.30479172,0
0.49489403,0.28912514,0.7584538,0.4665014,0.0005815677,0.38523245,0
0.4936839,0.27741182,0.7694845,0.47710007,0.00014670967,0.3886888,0
0.4914975,0.3069747,0.7385314,0.46185166,0.0009184639,0.3986628,0
0.49943438,0.2722787,0.77288646,0.46295533,0.00014801168,0.37274432,0
0.49035138,0.28678796,0.75355345,0.45789686,0.00042913892,0.38215542,0
0.5176769,0.19772844,0.8724284,0.45951223,4.533325e-06,0.3360078,0
0.49899417,0.19658236,0.8559897,0.44299278,4.1825137e-06,0.33677757,0
0.51620364,0.22703984,0.8323197,0.44440955,3.701398e-05,0.35553688,0
0.51136446,0.3536824,0.6368285,0.5103339,0.07125086,0.41935885,0
0.5255735,0.20163143,0.8713333,0.48010567,4.3743744e-06,0.3278921,0
0.51162905,0.27902502,0.7351877,0.45913622,0.0050730864,0.40103033,0
0.49655032,0.16735838,0.8944693,0.44447637,1.5697068e-06,0.32138807,0
0.5165625,0.19760032,0.86851954,0.4703995,1.33329e-06,0.32730877,0
0.5252546,0.13374315,0.91963875,0.44782025,2.204003e-08,0.28822386,0
0.5129093,0.3086255,0.74735194,0.46141836,0.0013306937,0.3941247,0
0.5318645,0.16826499,0.8958522,0.4490381,8.2881246e-07,0.31539315,0
0.5021382,0.29018298,0.7239721,0.4565053,0.004983906,0.3998102,0
0.51449597,0.070785865,0.96574926,0.46407214,1.1604747e-10,0.2187863,0
0.50357294,0.1388338,0.9083602,0.437777,5.0164965e-07,0.2955605,0
0.5266646,0.23616894,0.822722,0.47725794,1.5017872e-05,0.3473251,0
0.5124007,0.14135487,0.9138161,0.45216838,1.2805599e-07,0.29328552,0
0.5110111,0.13376662,0.91730946,0.4448493,7.93866e-08,0.2878397,0
0.5432007,0.0906309,0.9626639,0.46156663,4.7450904e-10,0.24526513,0
0.518957,0.12045195,0.93385464,0.46254012,1.6507535e-08,0.272707,0
0.5344753,0.13808887,0.9266058,0.45183298,1.14341894e-07,0.2934577,0
0.5016282,0.23638949,0.82222974,0.49675158,6.029992e-06,0.36850947,0
0.5213305,0.21927252,0.8508861,0.4936802,1.8127062e-06,0.33567291,0
0.5060161,0.20968723,0.83982694,0.4814214,2.2601776e-06,0.33479583,0
0.5054979,0.16465466,0.8947485,0.47228935,5.9639376e-07,0.30460522,0
0.52674663,0.11796399,0.93182963,0.47268435,4.860502e-09,0.26604086,0
0.52114874,0.29084435,0.73788553,0.5003754,0.0035740698,0.38447237,0
0.5163912,0.25805953,0.8120691,0.45353806,0.00043299867,0.3761769,0
0.5139979,0.25134525,0.7635996,0.5428618,0.0074549075,0.36659908,0
0.5195611,0.1455863,0.91725934,0.45722738,6.977559e-08,0.2979036,0
0.5219202,0.14328188,0.9201928,0.47580487,1.7553077e-07,0.2891263,0
0.5299785,0.045434736,0.9840943,0.48609006,3.902983e-13,0.17577651,0
0.51230377,0.31308237,0.74813664,0.46758857,0.0014295302,0.4035493,0
0.5126648,0.1847235,0.8750341,0.46785915,1.0754655e-06,0.32065067,0
0.4860912,0.23596868,0.8186867,0.45902064,0.0003217867,0.3607853,0
0.4864992,0.31248385,0.616928,0.55300415,0.28299028,0.41631243,0
0.5108002,0.31016484,0.75114536,0.46664098,0.0022841282,0.39985615,0
0.49436477,0.27762848,0.7708457,0.4859789,0.000111038535,0.3954383,0
0.49971518,0.29868942,0.75309867,0.48450974,0.00036350518,0.40708745,0
0.49111462,0.26259395,0.7824818,0.48687473,6.6050634e-05,0.3829043,0
0.50108755,0.27589977,0.7537097,0.5093144,0.0017085699,0.39205205,0
0.49434236,0.2626538,0.7944097,0.47735733,8.922477e-05,0.3752455,0
0.5114364,0.2491045,0.81046814,0.47321755,1.8371009e-05,0.35868204,0
0.514114,0.22382231,0.84078443,0.48048848,3.4202205e-06,0.34075904,0
0.5100718,0.40495685,0.6112328,0.47497794,0.07236518,0.4530937,0
0.521926,0.35576257,0.67168117,0.47890493,0.037690144,0.42096263,0
0.5165873,0.18054302,0.870152,0.4617074,4.994414e-07,0.3170324,0
0.5327912,0.28868765,0.7627144,0.44654277,0.0047595073,0.39920098,0
0.481835,0.32453987,0.5973905,0.58727205,0.7379636,0.4416785,0
0.52484065,0.18452954,0.8926588,0.45414394,3.330348e-05,0.3340611,0
0.52334034,0.0645166,0.9688381,0.43757543,4.385351e-11,0.21690877,0
0.5185417,0.24147223,0.8046365,0.43874988,0.00032038472,0.36285642,0
0.5058582,0.23853551,0.83199453,0.46944252,1.9901137e-05,0.35691652,0
0.52100265,0.21086815,0.84599304,0.44538555,1.01224e-05,0.34183836,0
0.5409115,0.1416864,0.91746616,0.46339,1.341744e-07,0.2896443,0
0.548455,0.27705655,0.7930981,0.46378672,0.004001861,0.3847888,0
0.51675224,0.24942699,0.7989483,0.45792654,0.002555894,0.37947124,0
0.5263571,0.120154604,0.93164635,0.43728584,4.0125727e-08,0.28030604,0
0.54953694,0.099962875,0.95403594,0.47732472,5.40185e-10,0.24929242,0
0.5354735,0.23953539,0.77786034,0.45297265,0.0013114405,0.37137055,0
0.49553555,0.2534226,0.78216714,0.46872804,0.00015605555,0.36289927,0
0.52735674,0.18519902,0.870377,0.4661033,8.9385964e-07,0.3207889,0
0.5154512,0.21305016,0.8518022,0.44580352,2.8417142e-05,0.34812355,0
0.53660613,0.11939287,0.93209964,0.45016998,1.6448448e-08,0.2731713,0
0.5296015,0.14663583,0.90985554,0.44888967,3.8674236e-07,0.29641622,0
0.52481544,0.2159012,0.8461635,0.44760528,2.339364e-05,0.3478023,0
0.515688,0.21959394,0.85319257,0.45991668,3.8615082e-05,0.35146636,0
0.506959,0.27594778,0.7725593,0.4828589,0.00036605506,0.39047527,0
0.5317557,0.19311906,0.8806794,0.47114164,3.991276e-06,0.3275301,0
0.5241473,0.22050397,0.85393304,0.49365348,7.2189573e-06,0.33514938,0
0.53336173,0.22118086,0.8450206,0.46083742,1.3042045e-05,0.3450375,0
0.5231101,0.25659403,0.80930376,0.4567869,0.00035840756,0.36918056,0
0.5418097,0.0864285,0.96377367,0.46933845,1.236823e-10,0.2371432,0
0.5389332,0.16192651,0.9141593,0.4521097,9.065007e-08,0.3167638,0
0.5061538,0.24042608,0.7960191,0.45057312,0.00039132548,0.37923968,0
0.5238344,0.39702803,0.5465207,0.56484294,0.8857077,0.45431542,0
0.53529364,0.2562566,0.81445295,0.44056678,0.00031701455,0.37644896,0
0.49942344,0.18874682,0.86574095,0.46219337,2.6535763e-06,0.32469398,0
0.49431765,0.16742927,0.8864748,0.4683724,2.6035002e-06,0.30882072,0
0.5048992,0.28204858,0.7686531,0.4705253,7.793938e-05,0.38430452,0
0.5137596,0.35637927,0.70336515,0.47131544,0.007278685,0.4094857,0
0.51182556,0.3226591,0.6919936,0.47918314,0.0069272853,0.40496156,0
0.5326303,0.123750225,0.93582815,0.45296684,1.6102456e-08,0.27981365,0
0.5221936,0.18022212,0.8881154,0.45031503,3.070124e-06,0.32628053,0
0.5278719,0.12231863,0.93728,0.4649393,1.2613676e-08,0.274226,0
0.5366664,0.09844037,0.9498496,0.44385347,2.6156703e-09,0.2549406,0
0.5383747,0.18397859,0.895785,0.45141152,5.0848084e-06,0.3319828,0
0.5282303,0.20285569,0.86994255,0.44209227,7.777745e-06,0.34703547,0
0.52964294,0.31505436,0.71257496,0.4849462,0.042774938,0.40873697,0
0.5224718,0.15454583,0.914234,0.49987724,5.508156e-08,0.2920636,0
0.5179868,0.15892127,0.90252656,0.46626878,2.972684e-07,0.30388668,0
0.5142158,0.15226698,0.92129576,0.49540994,8.278884e-08,0.29462543,0
0.517992,0.17543244,0.89207643,0.4720634,1.0425558e-06,0.31617868,0
0.51315945,0.29628527,0.75299287,0.45313552,0.0057732933,0.3900708,0
0.51735675,0.107817866,0.93723536,0.45957723,1.055292e-08,0.26002875,0
0.5337415,0.19356285,0.85982877,0.44959074,2.002109e-06,0.32984138,0
0.5288894,0.22360212,0.8503124,0.46633336,2.3721297e-05,0.34727585,0
0.5277183,0.09027165,0.9574593,0.4444403,1.5962396e-09,0.24821886,0
0.5357985,0.17603227,0.8955845,0.45474583,1.2361343e-06,0.32281524,0
0.5368893,0.14598742,0.914624,0.45816356,4.0878686e-07,0.2952922,0
0.5157373,0.26615235,0.75080514,0.46275955,0.002540734,0.38206568,0
0.52093905,0.28859404,0.7718962,0.45346758,0.0015166693,0.39112136,0
0.50568384,0.3592944,0.5822137,0.5572111,0.32154074,0.44563162,0
0.5141507,0.23456682,0.8385034,0.4778623,2.6306789e-05,0.35024673,0
0.53766775,0.26332128,0.79867166,0.46043965,0.00088053197,0.38057318,0
0.5409382,0.18392892,0.8912285,0.45736587,2.0207506e-06,0.327118,0
0.5250178,0.13341495,0.9183686,0.4568432,8.40791e-08,0.28542015,0
0.52314365,0.24618043,0.8198979,0.48104578,1.45921595e-05,0.3533166,0
0.513695,0.23822764,0.82080555,0.4669582,3.0575447e-05,0.35337445,0
0.5206177,0.12659808,0.92642105,0.49169096,4.675984e-09,0.27114293,0
0.5223965,0.19238366,0.87911654,0.46912825,1.0305827e-06,0.32978278,0
0.5216484,0.3169726,0.75024235,0.5048847,0.003892226,0.42272907,0
0.53167653,0.21348944,0.87227964,0.47073254,1.0599422e-05,0.34221864,0
0.518078,0.23853421,0.86500335,0.4936716,3.8230424e-05,0.35742176,0
0.52489394,0.24966618,0.8099887,0.45471367,6.716202e-05,0.36486965,0
0.5220933,0.16081755,0.90365934,0.4780719,1.6526003e-07,0.30152932,0
0.52275795,0.16180687,0.90338486,0.43783674,2.9065056e-06,0.31877658,0
0.5136088,0.20705913,0.83494276,0.46047482,5.690483e-06,0.3335159,0
0.51824635,0.21600083,0.8426723,0.4534963,1.0969807e-05,0.3457918,0
0.5113782,0.15622693,0.8897098,0.44757107,2.3365573e-07,0.30380446,0
0.5241024,0.25401393,0.7956518,0.46345255,2.9408022e-05,0.35940027,0
0.53604364,0.16829719,0.891201,0.45843065,2.4377584e-07,0.31084612,0
0.506739,0.2868521,0.7231852,0.450992,0.0017053417,0.39518505,0
0.50765157,0.26048067,0.77570117,0.44248557,0.0008621287,0.38284567,0
0.52191514,0.16646802,0.89675456,0.45215258,7.259568e-07,0.313615,0
0.51542157,0.37111863,0.54675424,0.5673383,0.76444113,0.45512474,0
0.5003785,0.32761398,0.66479415,0.4825963,0.04869309,0.41399923,0
0.50291127,0.24970013,0.808836,0.47000492,3.1820906e-05,0.3590903,0
0.5083688,0.30798212,0.74743366,0.46629822,0.0011106711,0.39419937,0
0.52346396,0.2465437,0.79833335,0.5068774,0.00046895235,0.36601672,0
0.5256156,0.17270571,0.89184284,0.4583512,1.246155e-06,0.31500328,0
0.5117499,0.21216956,0.84735197,0.44032598,0.000109189095,0.3502107,0
0.5122169,0.29749218,0.7282928,0.47024992,0.032770496,0.40336874,0
0.51287943,0.36987606,0.6811686,0.45583066,0.01062967,0.43387163,0
0.51762486,0.28518066,0.7825204,0.4879478,0.00010298539,0.3823861,0
0.51701266,0.20080161,0.8565409,0.45402098,5.057822e-06,0.33419323,0
0.5139642,0.23379189,0.80827487,0.45110103,0.0002616145,0.36015147,0
0.53115356,0.26332816,0.7568852,0.47677043,0.0057913684,0.3817089,0
0.5286172,0.15545997,0.9083109,0.44901904,7.958261e-07,0.3060092,0
0.5053668,0.1598312,0.9063373,0.49382922,1.0890963e-07,0.2981189,0
0.5127368,0.21451543,0.8481468,0.45818385,9.273797e-06,0.3462553,0
0.5288043,0.099424176,0.9517708,0.48177338,4.794252e-10,0.24793269,0
0.52473974,0.17082246,0.89836556,0.4601826,3.0851731e-07,0.31713653,0
0.52651614,0.10423706,0.94812584,0.46265924,4.259376e-09,0.25891522,0
0.49718237,0.28738078,0.6833594,0.5223883,0.010028537,0.3852627,0
0.5157061,0.33362976,0.66114455,0.4736883,0.019193945,0.40627715,0
0.52103436,0.25907996,0.7904224,0.44832927,0.0008372667,0.36998907,0
0.509146,0.10220976,0.9460521,0.45483425,3.9115466e-09,0.25962567,0
0.51228017,0.15946406,0.88092905,0.4369292,4.7419513e-07,0.30930808,0
0.53001267,0.14577189,0.92234737,0.48309365,1.042429e-07,0.28853136,0
0.5244209,0.29994988,0.77627903,0.45442453,0.0031813146,0.39654493,0
0.5283409,0.17260286,0.8998361,0.46020755,1.7233049e-06,0.32021925,0
0.5179267,0.22140105,0.84382343,0.4578127,6.4123444e-05,0.34672534,0
0.50652575,0.17966111,0.8627021,0.44604743,1.1724821e-06,0.32228598,0
0.5250155,0.13021414,0.93451476,0.500122,7.2382043e-09,0.27316478,0
0.51821196,0.25012204,0.8066035,0.4748972,0.00010760619,0.35421956,0
0.51429975,0.2885153,0.775418,0.46819726,0.0006157509,0.38204315,0
0.5024172,0.23490927,0.75343865,0.51032215,0.0011139899,0.3706306,0
0.50661445,0.29967657,0.70835835,0.47175205,0.0052357134,0.39976543,0
0.5008772,0.30353943,0.6585209,0.5043881,0.011527694,0.4047006,0
0.48712704,0.3264516,0.5824642,0.5337494,0.13118696,0.42251706,0
0.49531528,0.35413802,0.56466764,0.5322325,0.29659945,0.4412215,0
0.51962245,0.23186852,0.81169856,0.47109434,0.00028542784,0.3634951,0
0.49488735,0.26285553,0.7055024,0.52828276,0.014250819,0.38516593,0
0.51176184,0.22009023,0.8451928,0.46736068,2.5980908e-05,0.34489462,0
0.5214557,0.16947706,0.88282263,0.4365123,2.4978806e-06,0.31811297,0
0.5091316,0.2299833,0.832113,0.42529577,0.00023157777,0.36939248,0
0.50965816,0.27220386,0.70610946,0.47064272,0.003678278,0.38738778,0
0.51707214,0.28780404,0.7879021,0.44120795,0.001151439,0.3955059,0
0.5392865,0.20400299,0.87490183,0.48325795,8.8061215e-06,0.33117718,0
0.50972575,0.2637946,0.7417579,0.4624318,0.0014156624,0.3816396,0
0.53490573,0.11373946,0.9439556,0.45662686,9.23812e-09,0.26856244,0
0.5234746,0.2696094,0.7959428,0.44848102,0.00051307934,0.3823546,0
0.518029,0.20339625,0.8630952,0.47105476,1.5331456e-05,0.3311902,0
0.514899,0.24765088,0.8296915,0.44969842,0.00054888555,0.37234762,0
0.48765492,0.2569517,0.70673144,0.4938805,0.0027257046,0.3784333,0
0.4871074,0.36304426,0.5750492,0.5829456,0.48063987,0.45192468,0
0.5234206,0.21531714,0.8661831,0.47937006,2.497947e-05,0.34180695,0
0.5388225,0.17268454,0.8971515,0.4460103,5.5049804e-06,0.32259557,0
0.52410865,0.26277804,0.80236316,0.43755242,0.0026815736,0.38290635,0
0.51859754,0.32242724,0.7067063,0.47458893,0.03648369,0.41621745,0
0.5125854,0.1903464,0.87753093,0.47906378,1.4728098e-06,0.32133693,0
0.512496,0.21674189,0.8384809,0.45580164,2.853002e-05,0.3432813,0
0.5269582,0.23976593,0.84725046,0.4938714,1.5493282e-05,0.34972525,0
0.5006715,0.10734149,0.94432044,0.4669924,3.416817e-09,0.26236275,0
0.52821636,0.178844,0.8877299,0.43578023,9.112051e-06,0.32902974,0
0.52785647,0.23220345,0.80718297,0.4713468,0.0010650798,0.3638274,0
0.52467215,0.2791205,0.78632754,0.45397174,0.0009965774,0.3834228,0
0.50909716,0.20589793,0.8570245,0.4503983,1.6786658e-05,0.343359,0
0.5241236,0.21105659,0.8448828,0.45419145,1.4312382e-05,0.3386995,0
0.52074367,0.21180795,0.85782725,0.45473447,4.0007795e-05,0.3451446,0
0.51979065,0.14564155,0.9187893,0.44802094,2.2333423e-07,0.30068505,0
0.5328804,0.20165412,0.8684411,0.4303116,1.12785e-05,0.3491776,0
0.5079222,0.32125205,0.6987445,0.46644694,0.0048039355,0.39749178,0
0.5199893,0.20477928,0.86388177,0.44712716,5.2988446e-05,0.3480985,0
0.53480405,0.23652668,0.7607489,0.48927167,0.008647721,0.37119988,0
0.5192371,0.20508105,0.86368823,0.4395874,5.3976175e-05,0.34939963,0
0.52759635,0.16138932,0.9024097,0.45785367,2.7559743e-06,0.30779707,0
0.5237917,0.24667901,0.8003461,0.4322753,0.00046332937,0.37203538,0
0.54508024,0.10956837,0.95312506,0.4745142,2.9099334e-08,0.26190865,0
0.515542,0.22480795,0.83227354,0.4350474,0.00018373235,0.3585357,0
0.5106258,0.3033737,0.75148207,0.44606376,0.007034741,0.39645493,0
0.5069908,0.16338414,0.89222455,0.461397,1.6616686e-07,0.30794394,0
0.519632,0.27258694,0.790074,0.4511827,0.00040054123,0.38129592,0
0.5155413,0.22570261,0.8359148,0.4693532,1.07046835e-05,0.34439906,0
0.526279,0.11790516,0.9374586,0.468485,8.488135e-09,0.27100417,0
0.51153326,0.2789708,0.7753925,0.47698426,0.0011373245,0.37516537,0
0.5158309,0.23554885,0.8231932,0.44922256,7.110776e-05,0.35963944,0
0.5201321,0.22688563,0.8251545,0.48576084,0.00023403115,0.3517024,0
0.5227342,0.21059631,0.86443734,0.45399612,3.7895323e-05,0.3468849,0
0.5141072,0.19750528,0.8726291,0.47512573,3.1286115e-06,0.32785168,0
0.51560533,0.24835719,0.7992166,0.4595728,4.3643628e-05,0.3579861,0
0.5196953,0.30315483,0.7651836,0.4628032,0.00071386644,0.39055717,0
0.50186276,0.3405086,0.62316746,0.53344864,0.36726052,0.42268848,0
0.5326952,0.099610955,0.95057344,0.43827373,2.3112463e-09,0.25948736,0
0.52760136,0.2390691,0.84215665,0.48343647,2.2108987e-05,0.35248518,0
0.5382658,0.08754719,0.96631193,0.4817367,5.9336885e-10,0.23789003,0
0.52809405,0.1529566,0.91513515,0.47928232,1.7274301e-07,0.29822508,0
0.5460666,0.15855324,0.9170492,0.48156765,1.8506302e-07,0.3008816,0
0.6803827,0.46107268,0.55974567,0.7588575,0.9999645,0.4572568,1
0.6048685,0.46150032,0.5167718,0.6354847,0.98537946,0.46459776,1
0.6452403,0.4665047,0.54266846,0.7207972,0.9995577,0.46203348,1
0.6123465,0.48047256,0.51906383,0.6258088,0.9930962,0.46377867,1
0.5352737,0.31579766,0.7191692,0.50647575,0.060024135,0.39844483,1
0.49139133,0.3535316,0.57278806,0.54388005,0.48237717,0.43501762,1
0.52155274,0.2804956,0.7889998,0.46873897,0.0006613409,0.3797956,1
0.506068,0.26080114,0.8188115,0.46511883,0.00015661366,0.37488437,1
0.50220567,0.30313635,0.70361394,0.48152,0.019158592,0.396724,1
0.5154344,0.2876698,0.7939762,0.46846512,0.001142922,0.38626394,1
0.52556044,0.3110443,0.7056012,0.49953172,0.023094868,0.40774745,1
0.500575,0.312907,0.6382491,0.5423423,0.092072256,0.42034903,1
0.5102591,0.3290025,0.6480023,0.50414294,0.17274635,0.42001346,1
0.50155014,0.2919808,0.6896843,0.5154662,0.09785409,0.40708786,1
0.5083631,0.29901797,0.7433082,0.4799836,0.0025606782,0.39588565,1
0.50037044,0.25138795,0.8122471,0.47979248,0.00010254608,0.36306322,1
0.5286638,0.28821823,0.73463994,0.5151692,0.028306223,0.38546807,1
0.53358287,0.23265958,0.8101987,0.4679221,0.0008065754,0.3628202,1
0.5241467,0.30995902,0.77996427,0.47661906,0.004687423,0.3977353,1
0.51026237,0.23185207,0.81734365,0.4499605,0.00039754403,0.36265376,1
0.51680684,0.26642257,0.7702178,0.4544306,0.002219205,0.37770122,1
0.5568811,0.40897098,0.5549122,0.6450355,0.99067557,0.45553797,1
0.6177282,0.46663517,0.5283043,0.70106727,0.9991092,0.47113162,1
0.5412946,0.4890829,0.50062585,0.55949515,0.8685968,0.45167047,1
0.48212054,0.36574072,0.56613487,0.5709234,0.42128983,0.45293215,1
0.5220116,0.45428717,0.518207,0.5457415,0.7990451,0.4542585,1
0.55686563,0.4910419,0.49908334,0.5711833,0.91748637,0.4539627,1
0.6242382,0.43389687,0.54351175,0.78981054,0.9999484,0.44607323,1
0.49497578,0.25626007,0.71870005,0.49772528,0.007232932,0.37359887,1
0.52655464,0.35321122,0.71720225,0.46196845,0.035748966,0.42068574,1
0.6027726,0.4701509,0.5202956,0.6721713,0.9961469,0.46843728,1
0.5366325,0.40582055,0.5307786,0.6156933,0.96093315,0.46017542,1
0.5315584,0.38340536,0.55967337,0.61622053,0.93837917,0.45879892,1
0.5198091,0.38526714,0.5553814,0.5592656,0.8234323,0.45338798,1
0.5601056,0.43988156,0.54622155,0.6357936,0.96238273,0.45645323,1
0.5971564,0.48039183,0.52283096,0.6122148,0.98733366,0.4607504,1
0.5517451,0.4309627,0.5361722,0.63228554,0.9695916,0.4597276,1
0.57198995,0.4631989,0.5253791,0.59565437,0.9680748,0.4572526,1
0.59171903,0.46401864,0.53122956,0.67056936,0.9908903,0.4658967,1
0.6337964,0.4709079,0.533777,0.6884604,0.9958429,0.466223,1
0.57276464,0.4547943,0.5258871,0.5955426,0.9643632,0.4582173,1
0.55065364,0.26479226,0.7565025,0.4779863,0.00436167,0.38174304,1
0.5201533,0.29751372,0.71894324,0.49659777,0.0135106,0.39231288,1
0.518585,0.32800376,0.6781177,0.48368114,0.014707931,0.4089313,1
0.5062725,0.35727224,0.6224676,0.49388435,0.14056948,0.42714518,1
0.66599524,0.4541491,0.5441981,0.71858823,0.9996687,0.45911118,1
0.5134237,0.2556449,0.728723,0.5171487,0.018113727,0.38114205,1
0.525207,0.2837347,0.6831339,0.49625164,0.05075547,0.39650065,1
0.4940963,0.3483637,0.5813829,0.55712074,0.45081016,0.43333033,1
0.5387281,0.35418308,0.69548386,0.47736907,0.009130019,0.419958,1
0.62257385,0.42574945,0.5487889,0.69349074,0.9976465,0.4663241,1
0.58072007,0.4332076,0.5308485,0.66794527,0.98021555,0.4657582,1
0.53209245,0.40335563,0.5418919,0.5928494,0.88973796,0.45639184,1
0.5263444,0.2646348,0.7666461,0.48352423,0.0022337576,0.38174257,1
0.65897346,0.4559943,0.5480968,0.77623355,0.9999678,0.4559943,1
0.50724393,0.3595325,0.59185946,0.6035355,0.72900903,0.4557733,1
0.61282074,0.4702586,0.5245531,0.68233806,0.99572587,0.47069353,1
0.50090295,0.26764682,0.6783713,0.54427046,0.028047867,0.40129754,1
0.52259874,0.39722002,0.5380836,0.61419386,0.95387363,0.4573798,1
0.51956284,0.38033956,0.56766754,0.6101319,0.9185429,0.45640525,1
0.4844672,0.35277197,0.6027628,0.5526072,0.3777039,0.43911862,1
0.58297485,0.45850784,0.5267223,0.6948573,0.9979752,0.46782586,1
0.54947215,0.46162164,0.51472956,0.60627776,0.97042906,0.45613435,1
0.5942005,0.46367994,0.5211948,0.6435544,0.99343276,0.464091,1
0.56947005,0.43946904,0.53496313,0.6493872,0.9819618,0.4625306,1
0.5787603,0.45636696,0.52691656,0.6283003,0.9816742,0.4601826,1
0.5711253,0.4294456,0.53420544,0.6285312,0.96533173,0.45206234,1
0.6538414,0.45946002,0.5468099,0.75605166,0.9998914,0.46143758,1
0.5252512,0.40021366,0.54397666,0.5661379,0.9250991,0.4534206,1
0.5007053,0.33457497,0.6052805,0.58837813,0.7268893,0.4490354,1
0.583839,0.46103352,0.52207667,0.6311068,0.97393847,0.46210873,1
0.5174923,0.38791484,0.60697967,0.50053203,0.24215366,0.43625385,1
0.5198192,0.3949825,0.54986745,0.58269507,0.73398864,0.45337117,1
0.650494,0.45576334,0.5456113,0.7608973,0.99986565,0.45978737,1
0.61524314,0.46372473,0.5224692,0.6454593,0.9818796,0.46589422,1
0.503463,0.3647219,0.6038419,0.5370317,0.27514797,0.4397419,1
0.6038777,0.47810823,0.5173438,0.6195507,0.97628504,0.46235427,1
0.57632124,0.45014438,0.5329142,0.64710104,0.9786981,0.462079,1
0.5221526,0.3431363,0.6476076,0.49762765,0.08571201,0.41234046,1
0.60148,0.4502907,0.5454341,0.6466293,0.9933242,0.46290833,1
0.6711512,0.45316872,0.5513369,0.79945743,0.99999917,0.45316872,1
0.62390697,0.46321413,0.5271168,0.6811745,0.9987857,0.47047138,1
0.55694294,0.47596344,0.5137659,0.61933285,0.9716889,0.45905933,1
0.663759,0.46287623,0.5510827,0.7439014,0.99981457,0.46059796,1
0.531648,0.39332274,0.53544104,0.60094064,0.97480315,0.4577228,1
0.5908479,0.4811318,0.51174444,0.6232429,0.99275345,0.4624629,1
0.5846093,0.48378637,0.50990653,0.6180251,0.98896575,0.46145013,1
0.6829661,0.46178266,0.55884147,0.7658668,0.99998665,0.45798793,1
0.562463,0.44505474,0.5286558,0.62065035,0.97692853,0.45822775,1
0.6805542,0.44588378,0.5570894,0.7639652,0.99998105,0.45497108,1
0.6208647,0.46915805,0.52892685,0.68738395,0.99740833,0.47011667,1
0.61822134,0.47068098,0.53040004,0.6847335,0.9980767,0.46959996,1
0.53014696,0.28100497,0.79665786,0.45691538,0.0011636257,0.38578656,1
0.46979475,0.30936304,0.5763931,0.5587307,0.10237419,0.42315912,1
0.5044943,0.3637676,0.5545989,0.57646936,0.8432344,0.45537162,1
0.5381101,0.4482442,0.5366802,0.5626965,0.8048633,0.451962,1
0.631808,0.4667158,0.53352565,0.7108311,0.9998,0.46647435,1
0.5910545,0.46614006,0.51706386,0.6713886,0.9975163,0.4642313,1
0.5946015,0.43377626,0.5424972,0.67438775,0.9943593,0.46300888,1
0.5107902,0.34770867,0.6341422,0.52787966,0.17071046,0.4348691,1
0.61677283,0.47077966,0.5260189,0.6796134,0.9978295,0.4705933,1
0.5510414,0.41416815,0.5534185,0.6600434,0.9847035,0.45602882,1
0.54819876,0.43899995,0.5197841,0.58594424,0.83032376,0.4548792,1
0.55789596,0.42990485,0.5356046,0.6554204,0.95390576,0.46175316,1
0.5145294,0.40408042,0.53867775,0.548034,0.6693466,0.451966,1
0.6256447,0.47597829,0.53355545,0.6577195,0.99639636,0.46644455,1
0.5998426,0.4821186,0.51211303,0.60097915,0.97923183,0.45974377,1
0.60027,0.4752049,0.51818794,0.6636881,0.997224,0.46793824,1
0.49775234,0.36910447,0.5649849,0.5681061,0.7737234,0.45285782,1
0.49943346,0.3163948,0.5563454,0.5735921,0.9236028,0.4553978,1
0.5229958,0.39477652,0.5415642,0.58786297,0.8789941,0.45644996,1
0.51340425,0.27369818,0.7233288,0.51464707,0.08553243,0.3802928,1
0.63748085,0.46675476,0.5374953,0.71185213,0.9995933,0.46398622,1
0.5517788,0.43681923,0.5195017,0.62838286,0.979761,0.45495382,1
0.6093233,0.4385338,0.53711104,0.6763124,0.989869,0.46806607,1
0.48749992,0.3477323,0.56687856,0.56223845,0.7513507,0.45189133,1
0.5033181,0.3629636,0.54815465,0.5578558,0.69473034,0.4536217,1
0.6425567,0.46629786,0.5408536,0.70708454,0.99909174,0.4607552,1
0.65989816,0.46432018,0.54867566,0.735752,0.99981815,0.46077612,1
0.5480825,0.42703503,0.5349483,0.6126627,0.9502556,0.45191753,1
0.5641767,0.47425348,0.50189805,0.59922665,0.96577984,0.4579723,1
0.65190977,0.4536267,0.5393122,0.70888346,0.9994617,0.46090773,1
0.6236301,0.47212738,0.53114253,0.6761615,0.99880016,0.46885747,1
0.51925415,0.21821488,0.8086176,0.4674144,0.0004600469,0.35040894,1
0.58022404,0.45960447,0.5391227,0.65938723,0.99492246,0.46350145,1
0.5742977,0.42137787,0.5393641,0.64423406,0.97529376,0.45351058,1
0.5045241,0.32059616,0.65306175,0.5347986,0.17034006,0.4244097,1
0.5061736,0.3291802,0.61701155,0.5208703,0.36303994,0.42211488,1
0.49550807,0.33971366,0.5808743,0.5579737,0.6799813,0.44351447,1
0.5039941,0.31196246,0.6442652,0.5471367,0.20665993,0.41103247,1
0.5060126,0.3631473,0.56509006,0.59292173,0.78751016,0.45529568,1
0.64260304,0.45177966,0.53516704,0.7221696,0.9997018,0.46592346,1
0.61941737,0.45231178,0.5356863,0.67823046,0.99877113,0.4643137,1
0.55395955,0.44088122,0.52472204,0.6018303,0.96159506,0.45690572,1
0.486438,0.29699373,0.6141947,0.61073416,0.45365143,0.43812424,1
0.54076374,0.38517985,0.5654584,0.6367078,0.9416372,0.4601015,1
0.53348047,0.31380722,0.6738387,0.55337006,0.12695284,0.41531447,1
0.6873445,0.46523347,0.5599478,0.741867,0.9997844,0.45373425,1
0.5972896,0.4470462,0.5426245,0.6630687,0.9824341,0.46468136,1
0.59456784,0.41609043,0.5566325,0.6742251,0.9813411,0.4648237,1
0.4885198,0.2840946,0.6115952,0.5874326,0.46947852,0.42832273,1
0.5266047,0.21962987,0.8577801,0.47005832,6.656929e-06,0.34608418,1
0.52049196,0.33938754,0.65640813,0.50899976,0.29583383,0.42320898,1
0.52285725,0.30029604,0.74268126,0.4659542,0.004813938,0.39856932,1
0.57974446,0.3852572,0.56077516,0.7148756,0.99774665,0.45915723,1
0.5000905,0.35469282,0.5786237,0.5848925,0.94878674,0.45473045,1
0.50667554,0.39072245,0.56165296,0.5653075,0.53171027,0.4537615,1
0.6211725,0.46968973,0.52860004,0.6891867,0.9995466,0.47139996,1
0.63944036,0.45498216,0.54313195,0.7341325,0.9992398,0.4649192,1
0.5725425,0.4380999,0.53220147,0.6529508,0.98404515,0.46113893,1
0.6010223,0.47384715,0.5186372,0.66164905,0.9974058,0.46773556,1
0.5136088,0.32904717,0.727293,0.46773577,0.0066174837,0.4080765,1
0.5390149,0.3258373,0.6272577,0.66491103,0.9634874,0.4587975,1
0.5751661,0.47946388,0.50652564,0.6136366,0.9701885,0.46000648,1
0.59669584,0.46801597,0.5178553,0.6519751,0.96978855,0.4659512,1
0.5105124,0.35378587,0.6268391,0.5112467,0.15282722,0.42087948,1
0.5900556,0.4774046,0.51627517,0.6227625,0.98881197,0.46248376,1
0.59041405,0.47080794,0.51638484,0.612411,0.9707889,0.46055692,1
0.58486485,0.47873044,0.51646155,0.6557426,0.99755055,0.46681732,1
0.5406121,0.4449967,0.5167257,0.5868756,0.8589209,0.45528895,1
0.6255328,0.45669344,0.5487794,0.7055228,0.9971847,0.46533293,1
0.59961534,0.46305174,0.5375269,0.65949905,0.99182606,0.46275607,1
0.56157565,0.42529672,0.5594787,0.6320565,0.9834841,0.45643327,1
0.6356733,0.46175608,0.5349968,0.7027087,0.9980592,0.4650032,1
0.5321958,0.40752706,0.54934996,0.6079212,0.74771315,0.4567418,1
0.55897295,0.45086303,0.52335715,0.62324625,0.97911763,0.4580896,1
0.6182073,0.46621436,0.53092974,0.69465137,0.996558,0.46851504,1
0.5176367,0.3982618,0.5508494,0.56268084,0.5261505,0.45348054,1
0.59171504,0.42993578,0.5356315,0.676315,0.9738435,0.45944977,1
0.6410276,0.46209085,0.54154086,0.7421796,0.99980825,0.466588,1
0.536978,0.24444918,0.84385306,0.47153074,5.49133e-05,0.3612347,1
0.514784,0.33427528,0.62593454,0.51746374,0.10631184,0.4142501,1
0.4941122,0.35720843,0.56554437,0.5788685,0.797858,0.45436364,1
0.52140087,0.20934272,0.86537737,0.45347282,2.417118e-05,0.34488893,1
0.60771185,0.43851933,0.5433958,0.6628565,0.9955439,0.46461135,1
0.52197397,0.4239049,0.5389171,0.56715685,0.79495233,0.4526554,1
0.5115918,0.3760127,0.5925602,0.53176045,0.36311877,0.4414878,1
0.6160802,0.465075,0.5282868,0.7033349,0.99582857,0.47018003,1
0.49479115,0.34530598,0.57841843,0.5587134,0.3692144,0.4345371,1
0.527867,0.3576057,0.5705314,0.5967946,0.8864729,0.45833248,1
0.5119981,0.3692464,0.5652379,0.58293897,0.73826784,0.45500526,1
0.50395024,0.33774066,0.5770723,0.5771197,0.90114814,0.4576113,1
0.5744211,0.3700761,0.5562659,0.67591864,0.9902486,0.45746735,1
0.49098027,0.29380333,0.6588148,0.54315335,0.104292385,0.41081384,1
0.5998845,0.4703766,0.51509887,0.6402903,0.99643904,0.46497396,1
0.5821921,0.44985577,0.5245809,0.62298286,0.97404283,0.46166372,1
0.5980773,0.46711043,0.5160378,0.6496448,0.9974275,0.46608716,1
0.61044884,0.45935103,0.5186306,0.667114,0.9954396,0.46864197,1
0.66973686,0.45855093,0.5560802,0.7658172,0.99995255,0.45855093,1
0.4947518,0.33280823,0.66067773,0.4780961,0.023684874,0.40843683,1
0.5866969,0.47485536,0.51973933,0.64626324,0.9904677,0.4647699,1
0.6680958,0.46352857,0.5537689,0.7442276,0.9999367,0.45860976,1
0.6131333,0.4786415,0.5207763,0.63433135,0.99501425,0.46500906,1
0.63352686,0.47728944,0.53020996,0.6545781,0.99764746,0.46855062,1
0.6095764,0.47958514,0.51870877,0.6282533,0.9946219,0.46403483,1
0.5209593,0.28476423,0.71721655,0.49816155,0.0176164,0.38478103,1
0.5193236,0.29220363,0.7664201,0.45875838,0.002576608,0.38780734,1
0.5319418,0.2179812,0.8688646,0.4794669,2.1043656e-05,0.3449323,1
0.5344569,0.24021925,0.78443027,0.47069207,0.0021143104,0.3703529,1
0.48317468,0.30144346,0.6400116,0.5587865,0.23749577,0.4200566,1
0.5157757,0.29329637,0.7670534,0.46912777,0.002255894,0.38631344,1
0.5146397,0.30698526,0.6840385,0.52336174,0.09131144,0.41759956,1
0.497196,0.33551678,0.6139897,0.54205453,0.13039725,0.42765653,1
0.48726806,0.3100867,0.61002827,0.55971235,0.5008988,0.42714384,1
0.5314263,0.2621387,0.8145137,0.45359132,0.0008599914,0.38172168,1
0.5072239,0.24867953,0.7994844,0.4709189,0.000694561,0.35952115,1
0.4979174,0.33144504,0.7125703,0.4619311,0.011933838,0.40486085,1
0.51859254,0.2604819,0.8091938,0.4741744,0.00016608374,0.36596507,1
0.52374786,0.277937,0.8070334,0.46185157,0.0009214525,0.38500652,1
0.4891135,0.30995658,0.6011899,0.60581744,0.82816505,0.45008188,1
0.5015792,0.31267366,0.65818644,0.5245506,0.22900984,0.4128777,1
0.50724727,0.25444707,0.69716567,0.51522034,0.023136353,0.38127112,1
0.58135694,0.4023401,0.5749939,0.65938306,0.99556535,0.458576,1
0.61192757,0.45836136,0.52534354,0.69217783,0.99888426,0.46989742,1
0.57762295,0.4326445,0.5299871,0.64656,0.98313105,0.45750976,1
0.49035588,0.3494691,0.5497943,0.5808273,0.5207793,0.45582289,1
0.55719256,0.47977903,0.51407,0.58442193,0.9261387,0.45594558,1
0.54582703,0.44688457,0.5202287,0.627838,0.9416834,0.45417297,1
0.6270383,0.42853278,0.55253565,0.7536706,0.9999049,0.46167684,1
0.49055052,0.39263025,0.5730647,0.5709382,0.65713036,0.45216283,1
0.5514949,0.45980152,0.51478,0.6098944,0.9683571,0.45593324,1
0.6113505,0.4641843,0.5253548,0.69315845,0.9986687,0.46965596,1
0.63055694,0.4530057,0.5276678,0.69257283,0.9985551,0.46736243,1
0.5156036,0.3836262,0.5864265,0.6088704,0.94348973,0.4570548,1
0.6235257,0.4502067,0.5246268,0.6666406,0.99722505,0.47014856,1
0.50503933,0.33299714,0.62671185,0.5402754,0.70505136,0.43017924,1
0.6572126,0.47282887,0.5465104,0.7088129,0.9998609,0.4555648,1
0.5358913,0.4204357,0.5553892,0.584824,0.90910244,0.4548168,1
0.6057556,0.48004588,0.52024364,0.63064927,0.9927314,0.4644926,1
0.51387095,0.31088898,0.66064245,0.54418254,0.07013412,0.4158186,1
0.5391765,0.3946729,0.56220216,0.6141086,0.90346533,0.45866346,1
0.5847865,0.4323366,0.561122,0.6443166,0.9887461,0.46214136,1
0.547721,0.25508344,0.8324062,0.45338476,0.00029212274,0.37491807,1
0.51920563,0.2987899,0.7303578,0.4620882,0.001350987,0.38140374,1
0.5358611,0.3143186,0.7290693,0.48870298,0.005244088,0.39388162,1
0.5198088,0.3126687,0.72648954,0.47951585,0.010541313,0.3960319,1
0.5106227,0.32267234,0.5862591,0.60613465,0.92312026,0.45975494,1
0.4925195,0.34443042,0.5774832,0.58243656,0.5123267,0.45489734,1
0.52268016,0.34935,0.6521372,0.49878415,0.068575256,0.42549592,1
0.5154805,0.29176545,0.76103544,0.46501902,0.00065337634,0.3810134,1
0.5095425,0.3721741,0.5488391,0.5604689,0.5829093,0.45277962,1
0.53962517,0.38628137,0.556683,0.6124685,0.837989,0.45665678,1
0.52755874,0.37192264,0.5635611,0.58092284,0.8272088,0.4510337,1
0.5288805,0.4050284,0.5619834,0.57119197,0.89359844,0.45331904,1
0.48595726,0.29417363,0.6021259,0.60973126,0.5164244,0.45085248,1
0.5471423,0.40102535,0.5469977,0.6349113,0.96586347,0.45459408,1
0.57362866,0.45351696,0.5298221,0.66514176,0.97185135,0.46148852,1
0.52596486,0.36768717,0.55502623,0.6516446,0.9250986,0.4618606,1
0.54432267,0.28501412,0.767552,0.4974805,0.004251237,0.38916987,1
0.4738903,0.31129414,0.60639614,0.57472295,0.2566668,0.44500124,1
0.50588226,0.28846684,0.76934034,0.45865795,0.0046794256,0.3864243,1
0.49037284,0.37759492,0.56699526,0.5810619,0.651056,0.45362782,1
0.5274474,0.37996572,0.5327544,0.6335332,0.9314824,0.46109605,1
0.56057876,0.4559852,0.5214214,0.62549067,0.9832274,0.4588297,1
0.56544095,0.4558159,0.5302108,0.62012076,0.9772949,0.45922098,1
0.6413799,0.46499756,0.5347929,0.6875982,0.9984092,0.4652071,1
0.52271646,0.29650396,0.7550512,0.47458926,0.00031397038,0.38050973,1
0.58465827,0.4603026,0.5161419,0.6043402,0.9627093,0.45994422,1
0.664028,0.46011242,0.55179465,0.7568757,0.9999181,0.4605695,1
0.56958306,0.4513591,0.53196454,0.6072976,0.9596395,0.45227945,1
0.63774407,0.4000004,0.5702805,0.73663074,0.9992704,0.45996654,1
0.5808786,0.46405473,0.5135044,0.6211137,0.9623541,0.4612548,1
0.59652746,0.4607515,0.51896554,0.64375573,0.99172956,0.464485,1
0.60507554,0.47841856,0.5181708,0.62793994,0.9897031,0.46381575,1
0.5784233,0.44884348,0.523695,0.65210074,0.9807016,0.45962164,1
0.60689867,0.4731437,0.5197493,0.643754,0.99072284,0.46452162,1
0.5024678,0.37855634,0.57779795,0.54135734,0.27515513,0.4481077,1
0.5657377,0.4843494,0.50155205,0.58987767,0.9278319,0.4565864,1
0.5202488,0.4256595,0.5550689,0.58741415,0.69419676,0.45346656,1
0.51080555,0.3803119,0.5946046,0.5327886,0.40660495,0.4405369,1
0.61432934,0.47113046,0.525576,0.6722244,0.9988207,0.4690932,1
0.6573736,0.45854422,0.5446861,0.769572,0.9999964,0.45854422,1
0.5825456,0.47721535,0.5084111,0.6152127,0.98435736,0.46107578,1
0.59211886,0.4748163,0.5183701,0.658507,0.99526983,0.466369,1
0.6173532,0.45732415,0.5210628,0.658615,0.99699414,0.4678979,1
0.5414936,0.40213567,0.549492,0.61505586,0.9703367,0.45824638,1
0.6332442,0.47500268,0.5311484,0.66800535,0.99928576,0.46885163,1
0.5170945,0.1682479,0.8933947,0.47845128,2.141836e-07,0.30638823,0
0.5053422,0.2691697,0.7864622,0.49075478,0.00014189424,0.38504153,0
0.53176343,0.1380674,0.92146283,0.44037804,5.714776e-08,0.29598445,0
0.5296916,0.06170664,0.9730918,0.4460491,5.352097e-11,0.21110435,0
0.54289883,0.059984826,0.9781251,0.43275467,7.34212e-11,0.21351409,0
0.5127878,0.18617558,0.8811553,0.45986837,2.1786868e-06,0.3275177,0
0.55887836,0.1320963,0.9350991,0.44024566,1.1545914e-07,0.2922346,0
0.5470049,0.16413431,0.9080684,0.4387305,1.4003119e-06,0.3204022,0
0.5135779,0.12820928,0.9368858,0.512085,3.67261e-09,0.269416,0
0.507962,0.1678424,0.8868544,0.46718076,3.336577e-07,0.30817083,0
0.52037615,0.076693796,0.9660298,0.48302063,3.696571e-11,0.22373688,0
0.50353533,0.24297503,0.8233567,0.4894825,2.5203683e-05,0.35880256,0
0.5066009,0.29988682,0.75750184,0.47534192,0.00024326882,0.40027416,0
0.49719086,0.2846755,0.7656599,0.47863612,0.00014323594,0.3917246,0
0.4988086,0.23084414,0.82616055,0.46932122,7.739276e-06,0.3481591,0
0.5049822,0.23501877,0.82653475,0.47717723,2.8528115e-05,0.34908682,0
0.52447814,0.22201276,0.83205473,0.4408769,1.4603643e-05,0.3493691,0
0.50922304,0.108765736,0.9405027,0.46134782,5.4403793e-09,0.2650804,0
0.5234041,0.21263383,0.8533503,0.4509888,6.191909e-06,0.3457002,0
0.5181109,0.33372736,0.67614347,0.48353836,0.018788798,0.40729225,0
0.51947165,0.15855557,0.90787745,0.48073614,1.5855268e-07,0.30013213,0
0.51715386,0.31048614,0.6922561,0.48921615,0.0144416345,0.3963011,0
0.5050978,0.18822597,0.87887806,0.44979632,2.2034037e-06,0.3347512,0
0.5225748,0.31406236,0.7640639,0.4732829,0.0008306673,0.40488118,0
0.53570163,0.15399973,0.9132722,0.4591099,7.374917e-08,0.30270562,0
0.5047139,0.22248676,0.8543789,0.48958957,1.5275926e-05,0.3421568,0
0.5256059,0.21197146,0.85616004,0.4664834,5.554032e-06,0.33769795,0
0.53451717,0.23871417,0.81767917,0.43994,5.725433e-05,0.36212185,0
0.5262267,0.08522827,0.9592519,0.48959717,4.3464318e-10,0.23159513,0
0.5159433,0.22126049,0.83605415,0.4341219,4.3283693e-05,0.35688996,0
0.52298373,0.27701545,0.76513577,0.45359612,0.00026288518,0.37377855,0
0.5193465,0.17378318,0.88451666,0.463025,5.185816e-07,0.31391403,0
0.5196611,0.23607622,0.8382082,0.4497378,5.5876233e-05,0.3648775,0
0.5380947,0.11502663,0.9513122,0.48636627,2.6341949e-09,0.2668595,0
0.5229677,0.16880903,0.8949862,0.46565628,2.7470264e-07,0.3101632,0
0.53871953,0.13017517,0.9340911,0.47419965,7.4344153e-09,0.27921262,0
0.509768,0.19158429,0.8678602,0.48704875,5.849098e-07,0.31825048,0
0.51417184,0.16818917,0.89007264,0.5018679,1.487907e-07,0.30293402,0
0.49854988,0.23133704,0.81690276,0.48398858,8.848119e-06,0.35342133,0
0.5173667,0.15084805,0.9045836,0.46496353,2.5122358e-07,0.29583374,0
0.51832086,0.111434355,0.9418545,0.47773775,3.5683576e-09,0.26109964,0
0.552393,0.1772501,0.9083941,0.48847133,1.0243722e-06,0.3147206,0
0.51786506,0.19693802,0.8583232,0.45292053,3.011412e-06,0.33330294,0
0.5159062,0.28890258,0.7599048,0.508843,0.006838617,0.38065505,0
0.51928407,0.13819073,0.9219449,0.4775909,2.8072874e-08,0.28585204,0
0.52727836,0.1664261,0.89784616,0.4725576,3.2615148e-07,0.3049745,0
0.5498114,0.04064414,0.98764634,0.48751056,1.1156158e-13,0.16886055,0
0.5010918,0.27146706,0.7649166,0.4624287,0.00012949729,0.37399077,0
0.5175825,0.2268873,0.83098596,0.46843743,1.0754506e-05,0.34589007,0
0.5054508,0.26284337,0.7997141,0.47452858,0.00020163262,0.3663803,0
0.49606553,0.3202094,0.62830126,0.553742,0.28555384,0.42004484,0
0.5134411,0.28474817,0.7758015,0.47631732,0.00017515836,0.3922804,0
0.49836782,0.25769323,0.794082,0.4835252,4.6794234e-05,0.37191796,0
0.5010187,0.2854634,0.75929165,0.47780684,0.0004098735,0.38988012,0
0.49064943,0.2763965,0.77508014,0.4868755,0.00015836008,0.39787757,0
0.5200956,0.27736312,0.77086735,0.4956755,0.0012609432,0.37869167,0
0.49431637,0.22320601,0.8383668,0.48060724,1.2230547e-05,0.34214404,0
0.51898074,0.15968198,0.9036415,0.4829767,8.959806e-08,0.29965043,0
0.52952635,0.1339995,0.926875,0.49995768,5.19611e-09,0.27463323,0
0.5095728,0.40997654,0.6195622,0.47205818,0.07741879,0.4553468,0
0.522733,0.34830782,0.6997938,0.46827453,0.0138659375,0.41441387,0
0.51264554,0.13012363,0.92617524,0.48027015,1.0180361e-08,0.2774305,0
0.52467537,0.3237875,0.720743,0.4488478,0.0016855113,0.4046008,0
0.49623996,0.35891503,0.56483984,0.5783699,0.8778262,0.45525905,0
0.5072167,0.20601715,0.8183232,0.47262964,0.0016848312,0.35439488,0
0.514442,0.15013431,0.89560395,0.4383135,1.8715808e-07,0.30567873,0
0.51051295,0.3164008,0.6968536,0.46547344,0.01770291,0.40462306,0
0.50143975,0.26394257,0.79905415,0.4701402,3.432183e-05,0.3694365,0
0.5047062,0.14774723,0.9064588,0.4755243,6.555084e-08,0.2898424,0
0.53499395,0.1628605,0.9033273,0.45880514,9.1174144e-07,0.30937356,0
0.55091566,0.21360163,0.86395514,0.4426992,0.00015789253,0.34918636,0
0.48633707,0.290402,0.64299345,0.5618802,0.27502173,0.4212063,0
0.51284343,0.16868144,0.8821157,0.45093468,1.8930605e-06,0.31428558,0
0.551534,0.094251454,0.9550099,0.44363073,1.3960009e-09,0.2512307,0
0.52022284,0.25575903,0.8083464,0.44748652,0.0005389988,0.37535477,0
0.501811,0.2735877,0.7525634,0.45844048,0.00087213697,0.3804577,0
0.53729,0.19098876,0.87568253,0.46910617,2.3271823e-06,0.32560807,0
0.5162545,0.114018336,0.94502413,0.48343068,2.6814813e-09,0.26483825,0
0.52989984,0.1370029,0.9219158,0.47296524,3.1516137e-08,0.28390968,0
0.5338646,0.17007124,0.898272,0.468688,1.3691764e-06,0.3111732,0
0.5367314,0.11645446,0.9353503,0.45266077,7.834819e-09,0.26982632,0
0.53157556,0.091760755,0.9573685,0.43782026,4.930569e-09,0.25195765,0
0.50841445,0.28026724,0.7726608,0.48697975,0.00037325345,0.39078736,0
0.5199015,0.27946416,0.8010698,0.48158658,0.00030374358,0.37499103,0
0.5149672,0.14067912,0.9225532,0.49795383,8.434799e-08,0.28188694,0
0.5317419,0.21486822,0.8587227,0.48047692,3.0100825e-06,0.33532333,0
0.51650673,0.07497327,0.96524405,0.45977876,1.8540973e-10,0.22452515,0
0.5288949,0.27687547,0.7442192,0.49038363,0.0041038333,0.40016744,0
0.51211274,0.36630365,0.6782024,0.46623716,0.019398542,0.43423104,0
0.47197807,0.27330208,0.64309615,0.6257034,0.24978508,0.420488,0
0.50141525,0.2281312,0.80907416,0.46342143,0.000106970256,0.34325853,0
0.5422562,0.2449917,0.8405205,0.46337694,3.784213e-05,0.36351874,0
0.5248162,0.101629995,0.9489075,0.4786175,2.846734e-09,0.25153783,0
0.51531994,0.18418033,0.88552505,0.4712213,5.077651e-06,0.3216591,0
0.5179862,0.22628707,0.8369943,0.4684517,3.8100761e-06,0.34646112,0
0.5225126,0.2444709,0.8225264,0.4606224,6.215402e-05,0.36280552,0
0.5166224,0.32651865,0.6790904,0.51311976,0.027048664,0.40882304,0
0.5427376,0.23488775,0.8489852,0.4184159,0.00022209108,0.38073155,0
0.5304695,0.24902189,0.8328771,0.44792575,0.00037036045,0.37505606,0
0.5320297,0.141654,0.9233184,0.4576649,1.1539474e-07,0.29524314,0
0.5297286,0.11863386,0.9372723,0.4503808,1.430686e-08,0.2751538,0
0.52956045,0.16674739,0.8957133,0.4437908,1.4901921e-06,0.3154359,0
0.5319331,0.23420702,0.8409187,0.45027664,3.732534e-05,0.3636609,0
0.5360303,0.31492895,0.70472664,0.48331392,0.021700501,0.39828965,0
0.52884966,0.19273278,0.8951759,0.49914697,9.724913e-07,0.32262355,0
0.5194055,0.18395253,0.87611157,0.4618083,2.5296422e-06,0.3212552,0
0.5301699,0.21509847,0.87311876,0.5012889,3.4099157e-06,0.33297205,0
0.5274934,0.19330108,0.8889889,0.5004798,1.172821e-06,0.3190488,0
0.5085053,0.2312507,0.8302683,0.4771766,2.5038333e-05,0.34604955,0
0.5275579,0.12949264,0.93071884,0.47022516,4.4385747e-08,0.27911744,0
0.52743083,0.17445478,0.89288926,0.46940443,2.7540986e-07,0.31294283,0
0.5269081,0.11399559,0.9487107,0.48688963,8.739905e-09,0.2638901,0
0.52084786,0.12853664,0.9304932,0.46911806,4.3776524e-08,0.27709407,0
0.5414183,0.09856691,0.95499367,0.47533718,1.1703447e-09,0.24832344,0
0.52640873,0.092698485,0.9529057,0.48301318,2.7497435e-10,0.23920876,0
0.50250894,0.30177066,0.6889196,0.48124415,0.013890468,0.4087046,0
0.5076354,0.2925705,0.75862664,0.45181024,0.00056614703,0.38943863,0
0.48424426,0.31758067,0.61243474,0.5805173,0.16280459,0.42810404,0
0.52426934,0.34206834,0.68681896,0.5155127,0.012182554,0.42551696,0
0.5220433,0.3027103,0.6684758,0.53096336,0.13624613,0.4095299,0
0.5451821,0.13957693,0.9304847,0.460614,6.7919025e-08,0.29221246,0
0.52336663,0.17841184,0.9109822,0.5139832,3.1542393e-07,0.31078294,0
0.53086144,0.107647315,0.94961923,0.49825823,5.3290783e-10,0.25240982,0
0.51045585,0.16324444,0.8935988,0.4756734,1.266532e-07,0.30231118,0
0.5199717,0.08627544,0.9628124,0.49397078,7.828477e-11,0.23350996,0
0.52332556,0.21209903,0.8607288,0.47756293,4.6041646e-06,0.33579153,0
0.5218209,0.28879648,0.67845446,0.5202642,0.034104142,0.3990494,0
0.5378997,0.23224108,0.85852736,0.4829389,2.3897608e-05,0.34950086,0
0.5136592,0.27005026,0.8202659,0.4762212,0.00035013937,0.37683398,0
0.5863589,0.47286436,0.51229995,0.6168127,0.989184,0.460855,0
0.5210637,0.26335198,0.8161836,0.47814617,4.9010097e-05,0.36816734,0
0.49787346,0.2791221,0.79613787,0.46746463,0.00077302865,0.38104048,0
0.51932305,0.3072072,0.74432814,0.47481403,0.000415468,0.3947751,0
0.52368957,0.25181228,0.8077612,0.47129935,3.0599098e-05,0.357092,0
0.52434295,0.31555703,0.6786077,0.53156096,0.017132154,0.41033134,0
0.52878356,0.36607495,0.6801662,0.4783941,0.004333991,0.42329317,0
0.5129797,0.28920224,0.7552867,0.48927945,0.0011005559,0.38135606,0
0.5163426,0.23400956,0.74816966,0.52987444,0.0065023564,0.38225788,0
0.503368,0.22503075,0.81809366,0.4334396,0.00019208019,0.37002927,0
0.5290424,0.10309081,0.9494602,0.4558296,4.239114e-09,0.25924435,0
0.5224966,0.40707013,0.53177387,0.5739068,0.6955755,0.4549981,0
0.51925194,0.25039288,0.82390577,0.45713305,0.00028470028,0.36977664,0
0.52939445,0.20875202,0.87369955,0.48053437,2.4093033e-06,0.3359126,0
0.50800747,0.22016431,0.8431603,0.4865379,6.2643408e-06,0.33694044,0
0.53080636,0.20218179,0.88018423,0.48219293,2.136209e-06,0.33037362,0
0.53711534,0.19524212,0.8747974,0.4485855,1.0230708e-05,0.33598277,0
0.5170928,0.17422423,0.88501936,0.45180178,2.8765094e-06,0.31807882,0
0.507399,0.29554927,0.706214,0.48802847,0.02863708,0.40047672,0
0.5035746,0.4225638,0.61182344,0.46461278,0.112775505,0.4558916,0
0.5166045,0.3497735,0.69455767,0.47023126,0.0044148015,0.42197335,0
0.52627194,0.20267731,0.8685567,0.46553254,3.6863187e-06,0.33509436,0
0.48860663,0.2977081,0.6158309,0.56965,0.26882944,0.41434866,0
0.5234564,0.23511422,0.8380638,0.45342895,0.0002697087,0.3631061,0
0.52527,0.23071776,0.84827566,0.45901123,3.9632545e-05,0.35864693,0
0.52666515,0.09257225,0.9546733,0.47592175,2.8284067e-10,0.24146716,0
0.5233619,0.1470395,0.9248515,0.48953643,2.5958014e-08,0.29255736,0
0.5366503,0.064877875,0.97537136,0.50223285,3.935803e-12,0.20237043,0
0.52114296,0.17016928,0.90149343,0.4740459,3.9908434e-07,0.31310555,0
0.5327778,0.08662699,0.9569422,0.45473787,5.63141e-10,0.24018258,0
0.49802136,0.3853892,0.5830589,0.53783697,0.32399127,0.451949,0
0.5150497,0.34805602,0.6607569,0.47833964,0.029320642,0.41488618,0
0.53354555,0.08575308,0.96245337,0.4825402,3.9839634e-10,0.23420179,0
0.52004117,0.16006698,0.9022032,0.45832655,4.52333e-07,0.30848172,0
0.5263728,0.074531205,0.9637057,0.46137035,3.047562e-11,0.22406928,0
0.5306389,0.13913329,0.930167,0.49753296,9.702151e-09,0.28273016,0
0.54189324,0.2609517,0.787004,0.46720293,0.0015821832,0.37243423,0
0.5186756,0.25079072,0.82556695,0.45916748,0.0003822509,0.37261912,0
0.5087767,0.24892853,0.8247278,0.4766628,9.3248666e-05,0.36127096,0
0.49962163,0.31850567,0.6747644,0.46732578,0.0064798347,0.40555754,0
0.5201056,0.21422064,0.86279917,0.47858372,9.934175e-06,0.3404377,0
0.5211277,0.19763023,0.8695767,0.46120498,1.2131887e-05,0.33459857,0
0.5223647,0.3116691,0.6979495,0.5015594,0.020800415,0.40115866,0
0.51292855,0.28092822,0.7008785,0.4794779,0.008569403,0.38853407,0
0.52844197,0.36271718,0.67786247,0.48503873,0.021647403,0.4269802,0
0.5065623,0.24173127,0.81230605,0.46510562,4.551508e-05,0.35594532,0
0.5013234,0.39228883,0.5749134,0.50180304,0.20318188,0.43897787,0
0.53105694,0.4398203,0.5258469,0.55621195,0.75509435,0.45165178,0
0.5053685,0.25996506,0.7477487,0.49099687,0.002198693,0.37696776,0
0.5066137,0.30981115,0.72791505,0.47823587,0.002868199,0.3959655,0
0.51264954,0.33733875,0.68534595,0.4798405,0.009695685,0.41533387,0
0.53536606,0.21543597,0.8546764,0.440571,3.224675e-05,0.3535808,0
0.5124856,0.15099464,0.92003536,0.45323384,9.600006e-07,0.31030288,0
0.5053962,0.30874017,0.6272282,0.52782047,0.027094154,0.411671,0
0.5318455,0.24997526,0.8064882,0.43488973,0.0012807352,0.37801674,0
0.5236441,0.43317205,0.5426284,0.5531226,0.73466307,0.4504593,0
0.52346617,0.20921752,0.8485876,0.44384018,1.9337795e-05,0.34244156,0
0.5409421,0.10514928,0.95148265,0.48201942,2.9340306e-09,0.25571275,0
0.5517179,0.19407667,0.8872417,0.44712612,2.751625e-06,0.33660308,0
0.5313051,0.26501986,0.8049172,0.4548434,0.00037292572,0.3754392,0
0.48932746,0.27027154,0.70850545,0.4979516,0.025384415,0.3898977,0
0.49758345,0.2536092,0.76777583,0.45384392,0.00039908377,0.3759669,0
0.49000195,0.30994573,0.65264165,0.4994886,0.014849111,0.40234452,0
0.52674025,0.14157051,0.9223273,0.46417716,1.9231437e-07,0.2914197,0
0.5428618,0.12370002,0.9386127,0.46871775,1.0458665e-07,0.27472126,0
0.52038187,0.23950845,0.83314574,0.43933505,0.0001628536,0.37192047,0
0.50785875,0.30242208,0.72383976,0.46797734,0.0160536,0.40428194,0
0.5058449,0.23370129,0.8261954,0.47167745,6.704716e-05,0.34988478,0
0.5135772,0.25777674,0.8145754,0.4668729,0.00022794047,0.36832166,0
0.4912318,0.36009622,0.59365577,0.538432,0.21236706,0.4400111,0
0.5392105,0.12550847,0.9412017,0.4866686,2.7221243e-09,0.27480596,0
0.5056103,0.14246123,0.91264117,0.43579483,4.991776e-07,0.30218068,0
0.5313102,0.271709,0.72465414,0.506676,0.010523787,0.38751426,0
0.50831985,0.30224845,0.76963127,0.46011573,0.0019908026,0.40372097,0
0.51366925,0.14796504,0.91024375,0.45002982,1.3504258e-07,0.30095232,0
0.51040745,0.27321884,0.72110856,0.5083947,0.016866757,0.37850603,0
0.51690435,0.23703635,0.846281,0.47364798,8.5624975e-05,0.35766444,0
0.51687086,0.12650092,0.9289982,0.4473806,6.332283e-08,0.2835143,0
0.51219416,0.26474038,0.79141825,0.43556783,0.0008225419,0.38451222,0
0.50937086,0.25120544,0.8305453,0.5016758,1.7290025e-05,0.3725202,0
0.52220726,0.2185491,0.84422094,0.44436917,3.5316385e-05,0.35056055,0
0.54119307,0.17011681,0.89941305,0.44544193,4.171738e-06,0.32053083,0
0.5175113,0.17158988,0.8912933,0.42381638,7.1492536e-06,0.3268258,0
0.5312222,0.0785283,0.96726984,0.46213675,4.7680526e-10,0.23079538,0
0.52714866,0.19652387,0.8707925,0.44473737,7.5516323e-06,0.3396444,0
0.52054286,0.24516615,0.82952154,0.45856246,4.6410623e-05,0.36620638,0
0.5331811,0.30549222,0.76129156,0.47850174,0.0020089766,0.3917244,0
0.51583433,0.28276318,0.7754482,0.47723106,0.0014009345,0.3809396,0
0.5311904,0.1471948,0.91497123,0.46312577,6.6432165e-08,0.29518992,0
0.52557254,0.21472526,0.85441875,0.46264598,6.716169e-06,0.34476212,0
0.52831095,0.17323808,0.892808,0.46488222,1.8494552e-07,0.31475756,0
0.5210233,0.17193232,0.89846313,0.45646894,9.881054e-07,0.31887883,0
0.5042546,0.24761355,0.81786317,0.47183806,0.00015723464,0.35931635,0
0.5407024,0.28608435,0.7489754,0.5013722,0.005786051,0.38824895,0
0.5301979,0.1620952,0.9029495,0.46679357,6.0924737e-07,0.3065052,0
0.53792965,0.15054244,0.92850435,0.47105122,1.6712836e-07,0.30111593,0
0.5301026,0.22721729,0.8617363,0.48598164,9.109948e-06,0.34707475,0
0.52451766,0.2536452,0.80258363,0.44925153,0.00011420392,0.3682003,0
0.51477915,0.30399302,0.75866026,0.46312284,0.0010300041,0.3870275,0
0.5581035,0.42816168,0.54067045,0.628818,0.97225326,0.45347935,0
0.56010383,0.04315661,0.98668355,0.46834663,1.7499156e-13,0.1767815,0
0.5288845,0.15335703,0.91569465,0.48474717,1.2147534e-07,0.29441535,0
0.5419658,0.18646851,0.8941503,0.46505386,1.7539418e-06,0.32768345,0
0.5519582,0.13481255,0.93781775,0.48207644,2.4413406e-08,0.2829493,0
0.551738,0.17920302,0.90664464,0.4955477,8.04405e-07,0.31184256,0
