classifier,feature_set,n_features,best_params,cv_balanced_accuracy,val_accuracy,val_balanced_accuracy,val_f1_weighted,val_roc_auc,test_accuracy,test_balanced_accuracy,test_f1_weighted,test_roc_auc,confusion_matrix,model_path
svm_rbf,all,36,"{""svc__C"": 1.0, ""svc__class_weight"": null, ""svc__gamma"": ""scale""}",0.9006410256410257,0.711864406779661,0.7097701149425287,0.707142254827557,0.789367816091954,0.6945812807881774,0.6979591836734693,0.6921220728694798,0.7484936831875608,"[[63, 42], [20, 78]]",/Users/samehissa/Downloads/SS-VIRULEX-outputs/02_SVIS-RULEX/covid_ct_run/exact_sequence/outputs/models/05e_combined_svm_rbf_all.pkl
extra_trees,selected_18,18,"{""class_weight"": null, ""max_depth"": 6, ""min_samples_leaf"": 1, ""n_estimators"": 300}",0.9091880341880342,0.7457627118644068,0.7442528735632183,0.7435487441883349,0.8232758620689654,0.6945812807881774,0.6976190476190476,0.6926463668750419,0.7558794946550048,"[[64, 41], [21, 77]]",/Users/samehissa/Downloads/SS-VIRULEX-outputs/02_SVIS-RULEX/covid_ct_run/exact_sequence/outputs/models/05e_combined_extra_trees_selected_18.pkl
svm_rbf,selected_9,9,"{""svc__C"": 3.0, ""svc__class_weight"": null, ""svc__gamma"": ""scale""}",0.9102564102564102,0.7457627118644068,0.7442528735632183,0.7435487441883349,0.7362068965517241,0.6945812807881774,0.6972789115646258,0.69310949081534,0.7262390670553935,"[[65, 40], [22, 76]]",/Users/samehissa/Downloads/SS-VIRULEX-outputs/02_SVIS-RULEX/covid_ct_run/exact_sequence/outputs/models/05e_combined_svm_rbf_selected_9.pkl
svm_rbf,selected_6,6,"{""svc__C"": 0.3, ""svc__class_weight"": null, ""svc__gamma"": ""scale""}",0.9038461538461539,0.7372881355932204,0.7362068965517241,0.7360925242764806,0.7666666666666667,0.6896551724137931,0.6921768707482994,0.6883717887097464,0.6878522837706511,"[[65, 40], [23, 75]]",/Users/samehissa/Downloads/SS-VIRULEX-outputs/02_SVIS-RULEX/covid_ct_run/exact_sequence/outputs/models/05e_combined_svm_rbf_selected_6.pkl
hist_gradient_boosting,selected_6,6,"{""learning_rate"": 0.05, ""max_iter"": 100, ""max_leaf_nodes"": 7}",0.892094017094017,0.7542372881355932,0.7528735632183908,0.7524745910063767,0.8132183908045977,0.6847290640394089,0.6887755102040816,0.6809162986074531,0.7656948493683187,"[[60, 45], [19, 79]]",/Users/samehissa/Downloads/SS-VIRULEX-outputs/02_SVIS-RULEX/covid_ct_run/exact_sequence/outputs/models/05e_combined_hist_gradient_boosting_selected_6.pkl
gradient_boosting,selected_6,6,"{""learning_rate"": 0.05, ""max_depth"": 2, ""n_estimators"": 100}",0.8985042735042735,0.7288135593220338,0.7270114942528736,0.7254948441389119,0.8113505747126437,0.6847290640394089,0.6884353741496598,0.681585600161796,0.7573372206025268,"[[61, 44], [20, 78]]",/Users/samehissa/Downloads/SS-VIRULEX-outputs/02_SVIS-RULEX/covid_ct_run/exact_sequence/outputs/models/05e_combined_gradient_boosting_selected_6.pkl
gradient_boosting,selected_18,18,"{""learning_rate"": 0.05, ""max_depth"": 2, ""n_estimators"": 100}",0.9038461538461539,0.7457627118644068,0.7439655172413793,0.7426514163802299,0.8133620689655172,0.6847290640394089,0.6877551020408164,0.6827317335484304,0.773955296404276,"[[63, 42], [22, 76]]",/Users/samehissa/Downloads/SS-VIRULEX-outputs/02_SVIS-RULEX/covid_ct_run/exact_sequence/outputs/models/05e_combined_gradient_boosting_selected_18.pkl
svm_rbf,med_diagnosis_all,2,"{""svc__C"": 3.0, ""svc__class_weight"": null, ""svc__gamma"": ""scale""}",0.905982905982906,0.7542372881355932,0.7531609195402299,0.7531188130328368,0.7844827586206895,0.6798029556650246,0.6833333333333333,0.6769256936252408,0.7203109815354714,"[[61, 44], [21, 77]]",/Users/samehissa/Downloads/SS-VIRULEX-outputs/02_SVIS-RULEX/covid_ct_run/exact_sequence/outputs/models/05e_combined_svm_rbf_med_diagnosis_all.pkl
extra_trees,all,36,"{""class_weight"": null, ""max_depth"": 6, ""min_samples_leaf"": 3, ""n_estimators"": 300}",0.9091880341880342,0.7203389830508474,0.7186781609195403,0.717431565717243,0.8155172413793104,0.6798029556650246,0.6829931972789116,0.6775076363507955,0.7463556851311954,"[[62, 43], [22, 76]]",/Users/samehissa/Downloads/SS-VIRULEX-outputs/02_SVIS-RULEX/covid_ct_run/exact_sequence/outputs/models/05e_combined_extra_trees_all.pkl
svm_rbf,selected_18,18,"{""svc__C"": 0.3, ""svc__class_weight"": null, ""svc__gamma"": ""scale""}",0.907051282051282,0.7288135593220338,0.7270114942528736,0.7254948441389119,0.8103448275862069,0.6798029556650246,0.6819727891156463,0.6788690962575584,0.739941690962099,"[[65, 40], [25, 73]]",/Users/samehissa/Downloads/SS-VIRULEX-outputs/02_SVIS-RULEX/covid_ct_run/exact_sequence/outputs/models/05e_combined_svm_rbf_selected_18.pkl
random_forest,filtered,31,"{""class_weight"": null, ""max_depth"": 6, ""min_samples_leaf"": 1, ""n_estimators"": 200}",0.9081196581196581,0.7542372881355932,0.7520114942528735,0.7496410658014954,0.8284482758620689,0.6748768472906403,0.6789115646258503,0.670944932938936,0.7443148688046648,"[[59, 46], [20, 78]]",/Users/samehissa/Downloads/SS-VIRULEX-outputs/02_SVIS-RULEX/covid_ct_run/exact_sequence/outputs/models/05e_combined_random_forest_filtered.pkl
random_forest,selected_6,6,"{""class_weight"": null, ""max_depth"": 6, ""min_samples_leaf"": 1, ""n_estimators"": 200}",0.9006410256410257,0.7372881355932204,0.735632183908046,0.7345569253707435,0.8097701149425287,0.6748768472906403,0.6789115646258503,0.670944932938936,0.7531584062196308,"[[59, 46], [20, 78]]",/Users/samehissa/Downloads/SS-VIRULEX-outputs/02_SVIS-RULEX/covid_ct_run/exact_sequence/outputs/models/05e_combined_random_forest_selected_6.pkl
gradient_boosting,filtered,31,"{""learning_rate"": 0.05, ""max_depth"": 2, ""n_estimators"": 100}",0.9017094017094017,0.7457627118644068,0.7436781609195402,0.7415961072007857,0.8173850574712644,0.6748768472906403,0.6782312925170069,0.6722589807965429,0.764625850340136,"[[61, 44], [22, 76]]",/Users/samehissa/Downloads/SS-VIRULEX-outputs/02_SVIS-RULEX/covid_ct_run/exact_sequence/outputs/models/05e_combined_gradient_boosting_filtered.pkl
gradient_boosting,selected_9,9,"{""learning_rate"": 0.05, ""max_depth"": 2, ""n_estimators"": 100}",0.9017094017094017,0.7457627118644068,0.7439655172413793,0.7426514163802299,0.8014367816091954,0.6748768472906403,0.677891156462585,0.672817100221819,0.7557337220602527,"[[62, 43], [23, 75]]",/Users/samehissa/Downloads/SS-VIRULEX-outputs/02_SVIS-RULEX/covid_ct_run/exact_sequence/outputs/models/05e_combined_gradient_boosting_selected_9.pkl
logistic_regression,selected_6,6,"{""logistic__C"": 0.1, ""logistic__class_weight"": null}",0.9006410256410257,0.7288135593220338,0.7278735632183908,0.7278743855015041,0.8117816091954023,0.6748768472906403,0.6775510204081632,0.6733101031260071,0.7534499514091351,"[[63, 42], [24, 74]]",/Users/samehissa/Downloads/SS-VIRULEX-outputs/02_SVIS-RULEX/covid_ct_run/exact_sequence/outputs/models/05e_combined_logistic_regression_selected_6.pkl
gradient_boosting,med_diagnosis_all,2,"{""learning_rate"": 0.1, ""max_depth"": 2, ""n_estimators"": 100}",0.9102564102564102,0.7288135593220338,0.7267241379310345,0.7243691810141715,0.8169540229885058,0.6699507389162561,0.6748299319727891,0.6639074575871319,0.7532069970845481,"[[56, 49], [18, 80]]",/Users/samehissa/Downloads/SS-VIRULEX-outputs/02_SVIS-RULEX/covid_ct_run/exact_sequence/outputs/models/05e_combined_gradient_boosting_med_diagnosis_all.pkl
svm_rbf,filtered,31,"{""svc__C"": 3.0, ""svc__class_weight"": null, ""svc__gamma"": ""scale""}",0.9081196581196581,0.7288135593220338,0.7264367816091954,0.7230707876370887,0.7974137931034483,0.6699507389162561,0.6738095238095239,0.6663180577987879,0.747910592808552,"[[59, 46], [21, 77]]",/Users/samehissa/Downloads/SS-VIRULEX-outputs/02_SVIS-RULEX/covid_ct_run/exact_sequence/outputs/models/05e_combined_svm_rbf_filtered.pkl
random_forest,all,36,"{""class_weight"": null, ""max_depth"": 6, ""min_samples_leaf"": 1, ""n_estimators"": 200}",0.9091880341880342,0.7457627118644068,0.7433908045977011,0.7403788634097707,0.8310344827586207,0.6699507389162561,0.6738095238095239,0.6663180577987879,0.7441205053449952,"[[59, 46], [21, 77]]",/Users/samehissa/Downloads/SS-VIRULEX-outputs/02_SVIS-RULEX/covid_ct_run/exact_sequence/outputs/models/05e_combined_random_forest_all.pkl
random_forest,selected_9,9,"{""class_weight"": null, ""max_depth"": 6, ""min_samples_leaf"": 1, ""n_estimators"": 200}",0.905982905982906,0.7542372881355932,0.7525862068965516,0.7516822850242438,0.8204022988505747,0.6699507389162561,0.6731292517006803,0.6675847943923584,0.7458697764820214,"[[61, 44], [23, 75]]",/Users/samehissa/Downloads/SS-VIRULEX-outputs/02_SVIS-RULEX/covid_ct_run/exact_sequence/outputs/models/05e_combined_random_forest_selected_9.pkl
logistic_regression,med_diagnosis_all,2,"{""logistic__C"": 0.1, ""logistic__class_weight"": null}",0.9006410256410257,0.7203389830508474,0.7192528735632184,0.7190662355201246,0.8089080459770115,0.6699507389162561,0.6731292517006803,0.6675847943923584,0.7612244897959184,"[[61, 44], [23, 75]]",/Users/samehissa/Downloads/SS-VIRULEX-outputs/02_SVIS-RULEX/covid_ct_run/exact_sequence/outputs/models/05e_combined_logistic_regression_med_diagnosis_all.pkl
gradient_boosting,all,36,"{""learning_rate"": 0.1, ""max_depth"": 2, ""n_estimators"": 100}",0.9027777777777778,0.7542372881355932,0.7525862068965516,0.7516822850242438,0.8237068965517242,0.6699507389162561,0.6731292517006803,0.6675847943923584,0.7489310009718173,"[[61, 44], [23, 75]]",/Users/samehissa/Downloads/SS-VIRULEX-outputs/02_SVIS-RULEX/covid_ct_run/exact_sequence/outputs/models/05e_combined_gradient_boosting_all.pkl
extra_trees,selected_6,6,"{""class_weight"": null, ""max_depth"": null, ""min_samples_leaf"": 3, ""n_estimators"": 300}",0.9102564102564102,0.7457627118644068,0.7442528735632183,0.7435487441883349,0.8096264367816092,0.6650246305418719,0.6690476190476191,0.6609735672704188,0.7559766763848397,"[[58, 47], [21, 77]]",/Users/samehissa/Downloads/SS-VIRULEX-outputs/02_SVIS-RULEX/covid_ct_run/exact_sequence/outputs/models/05e_combined_extra_trees_selected_6.pkl
extra_trees,selected_9,9,"{""class_weight"": null, ""max_depth"": null, ""min_samples_leaf"": 3, ""n_estimators"": 300}",0.9155982905982906,0.7372881355932204,0.735632183908046,0.7345569253707435,0.8135057471264366,0.6650246305418719,0.6687074829931973,0.6616847001719082,0.7517978620019438,"[[59, 46], [22, 76]]",/Users/samehissa/Downloads/SS-VIRULEX-outputs/02_SVIS-RULEX/covid_ct_run/exact_sequence/outputs/models/05e_combined_extra_trees_selected_9.pkl
logistic_regression,filtered,31,"{""logistic__C"": 10.0, ""logistic__class_weight"": null}",0.9166666666666666,0.7288135593220338,0.7270114942528736,0.7254948441389119,0.82183908045977,0.6650246305418719,0.6683673469387754,0.6623274347600745,0.7498542274052478,"[[60, 45], [23, 75]]",/Users/samehissa/Downloads/SS-VIRULEX-outputs/02_SVIS-RULEX/covid_ct_run/exact_sequence/outputs/models/05e_combined_logistic_regression_filtered.pkl
logistic_regression,all,36,"{""logistic__C"": 10.0, ""logistic__class_weight"": null}",0.9134615384615384,0.7288135593220338,0.7270114942528736,0.7254948441389119,0.8209770114942528,0.6650246305418719,0.6683673469387754,0.6623274347600745,0.7494655004859087,"[[60, 45], [23, 75]]",/Users/samehissa/Downloads/SS-VIRULEX-outputs/02_SVIS-RULEX/covid_ct_run/exact_sequence/outputs/models/05e_combined_logistic_regression_all.pkl
logistic_regression,selected_9,9,"{""logistic__C"": 0.1, ""logistic__class_weight"": null}",0.9038461538461539,0.7372881355932204,0.7362068965517241,0.7360925242764806,0.8086206896551724,0.6650246305418719,0.6680272108843537,0.6629024668952075,0.75578231292517,"[[61, 44], [24, 74]]",/Users/samehissa/Downloads/SS-VIRULEX-outputs/02_SVIS-RULEX/covid_ct_run/exact_sequence/outputs/models/05e_combined_logistic_regression_selected_9.pkl
random_forest,med_diagnosis_all,2,"{""class_weight"": null, ""max_depth"": 6, ""min_samples_leaf"": 1, ""n_estimators"": 200}",0.9038461538461539,0.7372881355932204,0.7353448275862069,0.7335485331726551,0.8224137931034483,0.6600985221674877,0.6646258503401361,0.6547736076713025,0.7577745383867832,"[[56, 49], [20, 78]]",/Users/samehissa/Downloads/SS-VIRULEX-outputs/02_SVIS-RULEX/covid_ct_run/exact_sequence/outputs/models/05e_combined_random_forest_med_diagnosis_all.pkl
random_forest,selected_18,18,"{""class_weight"": null, ""max_depth"": 6, ""min_samples_leaf"": 1, ""n_estimators"": 200}",0.9102564102564102,0.7542372881355932,0.7520114942528735,0.7496410658014954,0.8327586206896552,0.6600985221674877,0.6639455782312925,0.6563574028077072,0.7424684159378037,"[[58, 47], [22, 76]]",/Users/samehissa/Downloads/SS-VIRULEX-outputs/02_SVIS-RULEX/covid_ct_run/exact_sequence/outputs/models/05e_combined_random_forest_selected_18.pkl
hist_gradient_boosting,selected_18,18,"{""learning_rate"": 0.05, ""max_iter"": 100, ""max_leaf_nodes"": 7}",0.8952991452991452,0.7457627118644068,0.7439655172413793,0.7426514163802299,0.814080459770115,0.6600985221674877,0.6639455782312925,0.6563574028077072,0.7571428571428572,"[[58, 47], [22, 76]]",/Users/samehissa/Downloads/SS-VIRULEX-outputs/02_SVIS-RULEX/covid_ct_run/exact_sequence/outputs/models/05e_combined_hist_gradient_boosting_selected_18.pkl
extra_trees,med_diagnosis_all,2,"{""class_weight"": null, ""max_depth"": 6, ""min_samples_leaf"": 1, ""n_estimators"": 300}",0.9102564102564102,0.7372881355932204,0.735632183908046,0.7345569253707435,0.8149425287356321,0.6600985221674877,0.6636054421768707,0.6570441978483323,0.7615160349854228,"[[59, 46], [23, 75]]",/Users/samehissa/Downloads/SS-VIRULEX-outputs/02_SVIS-RULEX/covid_ct_run/exact_sequence/outputs/models/05e_combined_extra_trees_med_diagnosis_all.pkl
hist_gradient_boosting,med_diagnosis_all,2,"{""learning_rate"": 0.05, ""max_iter"": 100, ""max_leaf_nodes"": 7}",0.9081196581196581,0.7203389830508474,0.718103448275862,0.7151087990154947,0.8255747126436782,0.6551724137931034,0.6598639455782314,0.6493235683043433,0.7572886297376094,"[[55, 50], [20, 78]]",/Users/samehissa/Downloads/SS-VIRULEX-outputs/02_SVIS-RULEX/covid_ct_run/exact_sequence/outputs/models/05e_combined_hist_gradient_boosting_med_diagnosis_all.pkl
hist_gradient_boosting,filtered,31,"{""learning_rate"": 0.05, ""max_iter"": 100, ""max_leaf_nodes"": 7}",0.8931623931623932,0.7203389830508474,0.7183908045977012,0.7163581159579877,0.8135057471264369,0.6551724137931034,0.6591836734693877,0.6510022016019017,0.7520894071914481,"[[57, 48], [22, 76]]",/Users/samehissa/Downloads/SS-VIRULEX-outputs/02_SVIS-RULEX/covid_ct_run/exact_sequence/outputs/models/05e_combined_hist_gradient_boosting_filtered.pkl
extra_trees,filtered,31,"{""class_weight"": null, ""max_depth"": null, ""min_samples_leaf"": 1, ""n_estimators"": 300}",0.907051282051282,0.7627118644067796,0.7600574712643677,0.7563954100431625,0.8327586206896551,0.6502463054187192,0.6544217687074829,0.6456182333004635,0.7442662779397473,"[[56, 49], [22, 76]]",/Users/samehissa/Downloads/SS-VIRULEX-outputs/02_SVIS-RULEX/covid_ct_run/exact_sequence/outputs/models/05e_combined_extra_trees_filtered.pkl
hist_gradient_boosting,all,36,"{""learning_rate"": 0.05, ""max_iter"": 100, ""max_leaf_nodes"": 7}",0.8931623931623932,0.7203389830508474,0.7183908045977012,0.7163581159579877,0.8109195402298851,0.6502463054187192,0.6544217687074829,0.6456182333004635,0.7526724975704568,"[[56, 49], [22, 76]]",/Users/samehissa/Downloads/SS-VIRULEX-outputs/02_SVIS-RULEX/covid_ct_run/exact_sequence/outputs/models/05e_combined_hist_gradient_boosting_all.pkl
logistic_regression,selected_18,18,"{""logistic__C"": 0.1, ""logistic__class_weight"": null}",0.905982905982906,0.7203389830508474,0.7183908045977012,0.7163581159579877,0.820977011494253,0.6403940886699507,0.6438775510204082,0.6371627020714242,0.7529640427599612,"[[57, 48], [25, 73]]",/Users/samehissa/Downloads/SS-VIRULEX-outputs/02_SVIS-RULEX/covid_ct_run/exact_sequence/outputs/models/05e_combined_logistic_regression_selected_18.pkl
hist_gradient_boosting,selected_9,9,"{""learning_rate"": 0.05, ""max_iter"": 100, ""max_leaf_nodes"": 7}",0.8942307692307692,0.7457627118644068,0.7442528735632183,0.7435487441883349,0.8173850574712643,0.6403940886699507,0.6438775510204082,0.6371627020714242,0.7613702623906706,"[[57, 48], [25, 73]]",/Users/samehissa/Downloads/SS-VIRULEX-outputs/02_SVIS-RULEX/covid_ct_run/exact_sequence/outputs/models/05e_combined_hist_gradient_boosting_selected_9.pkl
