image_id,file_name,class_name,true_label,split,image_path,svis_rulex_decision_tree_prediction,svis_rulex_decision_tree_probability_positive,ss_virulex_decision_tree_prediction,ss_virulex_decision_tree_probability_positive,ss_virulex_calibrated_threshold_logistic_regression_prediction,ss_virulex_calibrated_threshold_logistic_regression_probability_positive,svis_rulex_rulefit_prediction,svis_rulex_rulefit_probability_positive,ss_virulex_rulefit_prediction,ss_virulex_rulefit_probability_positive
covid_2020_03_22_20040782_p25_1542,2020.03.22.20040782-p25-1542.png,COVID,1,test,/Users/samehissa/Downloads/COVID-CT-Dataset-master/Images-processed/CT_COVID/2020.03.22.20040782-p25-1542.png,0,0.25384615384615383,1,0.9861111111111112,1,0.7303844972224882,,,,
covid_2020_03_22_20040782_p25_1543,2020.03.22.20040782-p25-1543.png,COVID,1,test,/Users/samehissa/Downloads/COVID-CT-Dataset-master/Images-processed/CT_COVID/2020.03.22.20040782-p25-1543.png,1,0.76,0,0.0136986301369863,0,0.12631298182573927,,,,
covid_2020_03_22_20040782_p25_1544,2020.03.22.20040782-p25-1544.png,COVID,1,test,/Users/samehissa/Downloads/COVID-CT-Dataset-master/Images-processed/CT_COVID/2020.03.22.20040782-p25-1544.png,0,0.49747474747474746,1,0.9861111111111112,1,0.7968180083885185,,,,
covid_2020_03_22_20040782_p25_1545,2020.03.22.20040782-p25-1545.png,COVID,1,test,/Users/samehissa/Downloads/COVID-CT-Dataset-master/Images-processed/CT_COVID/2020.03.22.20040782-p25-1545.png,0,0.25384615384615383,0,0.0136986301369863,0,0.11842386640533646,,,,
covid_2020_03_22_20040782_p25_1546,2020.03.22.20040782-p25-1546.png,COVID,1,test,/Users/samehissa/Downloads/COVID-CT-Dataset-master/Images-processed/CT_COVID/2020.03.22.20040782-p25-1546.png,0,0.49747474747474746,1,0.9861111111111112,1,0.8310378797695657,,,,
covid_2020_03_12_20034686_p17_91_1,2020.03.12.20034686-p17-91-1.png,COVID,1,test,/Users/samehissa/Downloads/COVID-CT-Dataset-master/Images-processed/CT_COVID/2020.03.12.20034686-p17-91-1.png,0,0.49747474747474746,1,0.9861111111111112,1,0.8373380454145272,,,,
covid_2020_03_12_20034686_p17_91_2,2020.03.12.20034686-p17-91-2.png,COVID,1,test,/Users/samehissa/Downloads/COVID-CT-Dataset-master/Images-processed/CT_COVID/2020.03.12.20034686-p17-91-2.png,1,0.76,1,0.9861111111111112,1,0.7819433043856437,,,,
covid_2020_03_25_20037721_p27_172,2020.03.25.20037721-p27-172.png,COVID,1,test,/Users/samehissa/Downloads/COVID-CT-Dataset-master/Images-processed/CT_COVID/2020.03.25.20037721-p27-172.png,1,0.76,1,0.7345132743362832,0,0.6118412019830155,,,,
covid_2020_03_25_20037721_p27_173,2020.03.25.20037721-p27-173.png,COVID,1,test,/Users/samehissa/Downloads/COVID-CT-Dataset-master/Images-processed/CT_COVID/2020.03.25.20037721-p27-173.png,1,0.76,1,0.9861111111111112,1,0.6917106525770441,,,,
covid_2020_03_25_20037721_p27_174,2020.03.25.20037721-p27-174.png,COVID,1,test,/Users/samehissa/Downloads/COVID-CT-Dataset-master/Images-processed/CT_COVID/2020.03.25.20037721-p27-174.png,1,0.5764705882352941,1,0.9861111111111112,1,0.772801233848927,,,,
covid_2020_03_25_20037721_p27_181,2020.03.25.20037721-p27-181.png,COVID,1,test,/Users/samehissa/Downloads/COVID-CT-Dataset-master/Images-processed/CT_COVID/2020.03.25.20037721-p27-181.png,0,0.4069767441860465,1,0.9861111111111112,1,0.7777873628399814,,,,
covid_2020_03_25_20037721_p27_182,2020.03.25.20037721-p27-182.png,COVID,1,test,/Users/samehissa/Downloads/COVID-CT-Dataset-master/Images-processed/CT_COVID/2020.03.25.20037721-p27-182.png,0,0.4069767441860465,1,0.9861111111111112,1,0.7581191828433349,,,,
covid_2020_03_25_20037721_p27_165,2020.03.25.20037721-p27-165.png,COVID,1,test,/Users/samehissa/Downloads/COVID-CT-Dataset-master/Images-processed/CT_COVID/2020.03.25.20037721-p27-165.png,1,0.5764705882352941,1,0.9861111111111112,1,0.8232949410205852,,,,
covid_2020_03_25_20043166_p17_78,2020.03.25.20043166-p17-78.png,COVID,1,test,/Users/samehissa/Downloads/COVID-CT-Dataset-master/Images-processed/CT_COVID/2020.03.25.20043166-p17-78.png,0,0.25384615384615383,1,0.7345132743362832,0,0.44489342449016367,,,,
covid_2020_03_25_20043166_p17_79,2020.03.25.20043166-p17-79.png,COVID,1,test,/Users/samehissa/Downloads/COVID-CT-Dataset-master/Images-processed/CT_COVID/2020.03.25.20043166-p17-79.png,0,0.25384615384615383,0,0.0136986301369863,0,0.14106536846903148,,,,
covid_2020_03_25_20043166_p17_80,2020.03.25.20043166-p17-80.png,COVID,1,test,/Users/samehissa/Downloads/COVID-CT-Dataset-master/Images-processed/CT_COVID/2020.03.25.20043166-p17-80.png,0,0.4069767441860465,1,0.7345132743362832,0,0.4260787349414398,,,,
covid_2020_03_25_20043166_p17_81,2020.03.25.20043166-p17-81.png,COVID,1,test,/Users/samehissa/Downloads/COVID-CT-Dataset-master/Images-processed/CT_COVID/2020.03.25.20043166-p17-81.png,0,0.4069767441860465,1,0.9861111111111112,1,0.6539428842464367,,,,
covid_2020_03_26_20041426_p11_119,2020.03.26.20041426-p11-119.png,COVID,1,test,/Users/samehissa/Downloads/COVID-CT-Dataset-master/Images-processed/CT_COVID/2020.03.26.20041426-p11-119.png,1,0.9016393442622951,1,0.9861111111111112,1,0.7759692284216935,,,,
covid_2020_03_26_20041426_p11_120,2020.03.26.20041426-p11-120.png,COVID,1,test,/Users/samehissa/Downloads/COVID-CT-Dataset-master/Images-processed/CT_COVID/2020.03.26.20041426-p11-120.png,0,0.49747474747474746,1,0.9861111111111112,1,0.8274920679809528,,,,
covid_2020_03_26_20041426_p11_121,2020.03.26.20041426-p11-121.png,COVID,1,test,/Users/samehissa/Downloads/COVID-CT-Dataset-master/Images-processed/CT_COVID/2020.03.26.20041426-p11-121.png,0,0.25384615384615383,1,0.9861111111111112,1,0.7360236492783309,,,,
covid_2020_03_26_20041426_p11_122,2020.03.26.20041426-p11-122.png,COVID,1,test,/Users/samehissa/Downloads/COVID-CT-Dataset-master/Images-processed/CT_COVID/2020.03.26.20041426-p11-122.png,1,0.5764705882352941,1,0.9861111111111112,1,0.769367079834169,,,,
covid_2020_03_26_20041426_p11_123,2020.03.26.20041426-p11-123.png,COVID,1,test,/Users/samehissa/Downloads/COVID-CT-Dataset-master/Images-processed/CT_COVID/2020.03.26.20041426-p11-123.png,1,0.76,1,0.9861111111111112,1,0.7873473796585467,,,,
covid_2020_03_26_20041426_p11_124,2020.03.26.20041426-p11-124.png,COVID,1,test,/Users/samehissa/Downloads/COVID-CT-Dataset-master/Images-processed/CT_COVID/2020.03.26.20041426-p11-124.png,0,0.4069767441860465,1,0.7345132743362832,0,0.5771113558960839,,,,
covid_2020_03_26_20041426_p11_125,2020.03.26.20041426-p11-125.png,COVID,1,test,/Users/samehissa/Downloads/COVID-CT-Dataset-master/Images-processed/CT_COVID/2020.03.26.20041426-p11-125.png,1,0.9016393442622951,1,0.9861111111111112,1,0.8169847845346524,,,,
covid_2020_03_26_20041426_p11_126,2020.03.26.20041426-p11-126.png,COVID,1,test,/Users/samehissa/Downloads/COVID-CT-Dataset-master/Images-processed/CT_COVID/2020.03.26.20041426-p11-126.png,0,0.25384615384615383,1,0.9861111111111112,1,0.7296794645342433,,,,
covid_2020_03_26_20041426_p11_127,2020.03.26.20041426-p11-127.png,COVID,1,test,/Users/samehissa/Downloads/COVID-CT-Dataset-master/Images-processed/CT_COVID/2020.03.26.20041426-p11-127.png,0,0.49747474747474746,1,0.9861111111111112,1,0.7578241251014457,,,,
covid_2020_03_26_20041426_p11_128,2020.03.26.20041426-p11-128.png,COVID,1,test,/Users/samehissa/Downloads/COVID-CT-Dataset-master/Images-processed/CT_COVID/2020.03.26.20041426-p11-128.png,0,0.49747474747474746,1,0.7345132743362832,0,0.5487485621956634,,,,
covid_2020_03_26_20041426_p11_130,2020.03.26.20041426-p11-130.png,COVID,1,test,/Users/samehissa/Downloads/COVID-CT-Dataset-master/Images-processed/CT_COVID/2020.03.26.20041426-p11-130.png,0,0.25384615384615383,1,0.9861111111111112,1,0.7349289956330737,,,,
covid_2020_03_26_20041426_p11_131,2020.03.26.20041426-p11-131.png,COVID,1,test,/Users/samehissa/Downloads/COVID-CT-Dataset-master/Images-processed/CT_COVID/2020.03.26.20041426-p11-131.png,0,0.25384615384615383,1,0.9861111111111112,1,0.7848521054660439,,,,
covid_2020_03_26_20041426_p11_132,2020.03.26.20041426-p11-132.png,COVID,1,test,/Users/samehissa/Downloads/COVID-CT-Dataset-master/Images-processed/CT_COVID/2020.03.26.20041426-p11-132.png,1,0.5764705882352941,1,0.9861111111111112,1,0.7869406572715039,,,,
covid_2020_03_26_20041426_p11_133,2020.03.26.20041426-p11-133.png,COVID,1,test,/Users/samehissa/Downloads/COVID-CT-Dataset-master/Images-processed/CT_COVID/2020.03.26.20041426-p11-133.png,0,0.49747474747474746,1,0.9861111111111112,1,0.7869132335381964,,,,
covid_2020_03_30_20047985_p9_56_0,2020.03.30.20047985-p9-56%0.png,COVID,1,test,/Users/samehissa/Downloads/COVID-CT-Dataset-master/Images-processed/CT_COVID/2020.03.30.20047985-p9-56%0.png,1,0.76,1,0.7345132743362832,0,0.3775200760422651,,,,
covid_2020_03_30_20047985_p9_56_1,2020.03.30.20047985-p9-56%1.png,COVID,1,test,/Users/samehissa/Downloads/COVID-CT-Dataset-master/Images-processed/CT_COVID/2020.03.30.20047985-p9-56%1.png,0,0.25384615384615383,0,0.2482758620689655,0,0.2310977751841973,,,,
covid_2020_03_30_20047985_p9_56_2,2020.03.30.20047985-p9-56%2.png,COVID,1,test,/Users/samehissa/Downloads/COVID-CT-Dataset-master/Images-processed/CT_COVID/2020.03.30.20047985-p9-56%2.png,0,0.25384615384615383,0,0.0136986301369863,0,0.16231516184732478,,,,
covid_2020_03_30_20047985_p9_56_3,2020.03.30.20047985-p9-56%3.png,COVID,1,test,/Users/samehissa/Downloads/COVID-CT-Dataset-master/Images-processed/CT_COVID/2020.03.30.20047985-p9-56%3.png,1,0.9016393442622951,0,0.2482758620689655,0,0.2032365353134663,,,,
covid_2019_novel_Coronavirus_severe_adult_respiratory_dist_2020_International_Jour_p3_89_0,2019-novel-Coronavirus-severe-adult-respiratory-dist_2020_International-Jour-p3-89%0.png,COVID,1,test,/Users/samehissa/Downloads/COVID-CT-Dataset-master/Images-processed/CT_COVID/2019-novel-Coronavirus-severe-adult-respiratory-dist_2020_International-Jour-p3-89%0.png,0,0.49747474747474746,1,0.9861111111111112,1,0.8355188167595206,,,,
covid_2019_novel_Coronavirus_severe_adult_respiratory_dist_2020_International_Jour_p3_89_1,2019-novel-Coronavirus-severe-adult-respiratory-dist_2020_International-Jour-p3-89%1.png,COVID,1,test,/Users/samehissa/Downloads/COVID-CT-Dataset-master/Images-processed/CT_COVID/2019-novel-Coronavirus-severe-adult-respiratory-dist_2020_International-Jour-p3-89%1.png,1,0.76,1,0.7345132743362832,1,0.630206608783405,,,,
covid_2019_novel_Coronavirus_severe_adult_respiratory_dist_2020_International_Jour_p3_91,2019-novel-Coronavirus-severe-adult-respiratory-dist_2020_International-Jour-p3-91.png,COVID,1,test,/Users/samehissa/Downloads/COVID-CT-Dataset-master/Images-processed/CT_COVID/2019-novel-Coronavirus-severe-adult-respiratory-dist_2020_International-Jour-p3-91.png,1,0.76,1,0.5909090909090909,0,0.23036149753876276,,,,
covid_bmj_m606_full_p4_22_0,bmj.m606.full-p4-22%0.png,COVID,1,test,/Users/samehissa/Downloads/COVID-CT-Dataset-master/Images-processed/CT_COVID/bmj.m606.full-p4-22%0.png,0,0.25384615384615383,1,0.9861111111111112,1,0.7370372472050489,,,,
covid_bmj_m606_full_p4_22_1,bmj.m606.full-p4-22%1.png,COVID,1,test,/Users/samehissa/Downloads/COVID-CT-Dataset-master/Images-processed/CT_COVID/bmj.m606.full-p4-22%1.png,0,0.49747474747474746,1,0.9861111111111112,1,0.7201787081165204,,,,
covid_bmj_m606_full_p4_22_2,bmj.m606.full-p4-22%2.png,COVID,1,test,/Users/samehissa/Downloads/COVID-CT-Dataset-master/Images-processed/CT_COVID/bmj.m606.full-p4-22%2.png,0,0.49747474747474746,1,0.9861111111111112,1,0.7790621926855541,,,,
covid_bmj_m606_full_p4_22_3,bmj.m606.full-p4-22%3.png,COVID,1,test,/Users/samehissa/Downloads/COVID-CT-Dataset-master/Images-processed/CT_COVID/bmj.m606.full-p4-22%3.png,1,0.9016393442622951,1,0.9861111111111112,1,0.7662807352775701,,,,
covid_bmj_m606_full_p4_22_4,bmj.m606.full-p4-22%4.png,COVID,1,test,/Users/samehissa/Downloads/COVID-CT-Dataset-master/Images-processed/CT_COVID/bmj.m606.full-p4-22%4.png,0,0.49747474747474746,1,0.7345132743362832,0,0.396680405626412,,,,
covid_bmj_m606_full_p4_22_5,bmj.m606.full-p4-22%5.png,COVID,1,test,/Users/samehissa/Downloads/COVID-CT-Dataset-master/Images-processed/CT_COVID/bmj.m606.full-p4-22%5.png,0,0.49747474747474746,1,0.7345132743362832,0,0.4815368018886441,,,,
covid_bmj_m606_full_p4_22_6,bmj.m606.full-p4-22%6.png,COVID,1,test,/Users/samehissa/Downloads/COVID-CT-Dataset-master/Images-processed/CT_COVID/bmj.m606.full-p4-22%6.png,1,0.9016393442622951,1,0.7345132743362832,0,0.39587566453600703,,,,
covid_bmj_m606_full_p4_22_7,bmj.m606.full-p4-22%7.png,COVID,1,test,/Users/samehissa/Downloads/COVID-CT-Dataset-master/Images-processed/CT_COVID/bmj.m606.full-p4-22%7.png,0,0.49747474747474746,0,0.2482758620689655,0,0.2361490454594867,,,,
covid_Comparison_of_different_samples_for_2019_novel_cor_2020_International_Journa_p2_21_0,Comparison-of-different-samples-for-2019-novel-cor_2020_International-Journa-p2-21%0.png,COVID,1,test,/Users/samehissa/Downloads/COVID-CT-Dataset-master/Images-processed/CT_COVID/Comparison-of-different-samples-for-2019-novel-cor_2020_International-Journa-p2-21%0.png,1,0.5764705882352941,1,0.9861111111111112,1,0.7788547189699129,,,,
covid_Comparison_of_different_samples_for_2019_novel_cor_2020_International_Journa_p2_21_1,Comparison-of-different-samples-for-2019-novel-cor_2020_International-Journa-p2-21%1.png,COVID,1,test,/Users/samehissa/Downloads/COVID-CT-Dataset-master/Images-processed/CT_COVID/Comparison-of-different-samples-for-2019-novel-cor_2020_International-Journa-p2-21%1.png,1,0.5764705882352941,1,0.9861111111111112,1,0.8068528799139244,,,,
covid_Comparison_of_different_samples_for_2019_novel_cor_2020_International_Journa_p2_21_2,Comparison-of-different-samples-for-2019-novel-cor_2020_International-Journa-p2-21%2.png,COVID,1,test,/Users/samehissa/Downloads/COVID-CT-Dataset-master/Images-processed/CT_COVID/Comparison-of-different-samples-for-2019-novel-cor_2020_International-Journa-p2-21%2.png,0,0.25384615384615383,1,0.7345132743362832,0,0.4220013711092027,,,,
covid_Comparison_of_different_samples_for_2019_novel_cor_2020_International_Journa_p2_21_3,Comparison-of-different-samples-for-2019-novel-cor_2020_International-Journa-p2-21%3.png,COVID,1,test,/Users/samehissa/Downloads/COVID-CT-Dataset-master/Images-processed/CT_COVID/Comparison-of-different-samples-for-2019-novel-cor_2020_International-Journa-p2-21%3.png,0,0.4069767441860465,1,0.9861111111111112,1,0.6309146993635107,,,,
covid_Comparison_of_different_samples_for_2019_novel_cor_2020_International_Journa_p2_21_4,Comparison-of-different-samples-for-2019-novel-cor_2020_International-Journa-p2-21%4.png,COVID,1,test,/Users/samehissa/Downloads/COVID-CT-Dataset-master/Images-processed/CT_COVID/Comparison-of-different-samples-for-2019-novel-cor_2020_International-Journa-p2-21%4.png,1,0.76,1,0.9861111111111112,1,0.7726731457804125,,,,
covid_Comparison_of_different_samples_for_2019_novel_cor_2020_International_Journa_p2_21_5,Comparison-of-different-samples-for-2019-novel-cor_2020_International-Journa-p2-21%5.png,COVID,1,test,/Users/samehissa/Downloads/COVID-CT-Dataset-master/Images-processed/CT_COVID/Comparison-of-different-samples-for-2019-novel-cor_2020_International-Journa-p2-21%5.png,0,0.49747474747474746,1,0.9861111111111112,1,0.8143389468922052,,,,
covid_Comparison_of_different_samples_for_2019_novel_cor_2020_International_Journa_p2_21_6,Comparison-of-different-samples-for-2019-novel-cor_2020_International-Journa-p2-21%6.png,COVID,1,test,/Users/samehissa/Downloads/COVID-CT-Dataset-master/Images-processed/CT_COVID/Comparison-of-different-samples-for-2019-novel-cor_2020_International-Journa-p2-21%6.png,0,0.30434782608695654,1,0.9861111111111112,1,0.7713398712487372,,,,
covid_Comparison_of_different_samples_for_2019_novel_cor_2020_International_Journa_p2_21_7,Comparison-of-different-samples-for-2019-novel-cor_2020_International-Journa-p2-21%7.png,COVID,1,test,/Users/samehissa/Downloads/COVID-CT-Dataset-master/Images-processed/CT_COVID/Comparison-of-different-samples-for-2019-novel-cor_2020_International-Journa-p2-21%7.png,0,0.25384615384615383,1,0.9861111111111112,1,0.6895784288756511,,,,
covid_Comparison_of_different_samples_for_2019_novel_cor_2020_International_Journa_p2_21_8,Comparison-of-different-samples-for-2019-novel-cor_2020_International-Journa-p2-21%8.png,COVID,1,test,/Users/samehissa/Downloads/COVID-CT-Dataset-master/Images-processed/CT_COVID/Comparison-of-different-samples-for-2019-novel-cor_2020_International-Journa-p2-21%8.png,0,0.49747474747474746,1,0.9861111111111112,1,0.8637649813634173,,,,
covid_Comparison_of_different_samples_for_2019_novel_cor_2020_International_Journa_p2_21_9,Comparison-of-different-samples-for-2019-novel-cor_2020_International-Journa-p2-21%9.png,COVID,1,test,/Users/samehissa/Downloads/COVID-CT-Dataset-master/Images-processed/CT_COVID/Comparison-of-different-samples-for-2019-novel-cor_2020_International-Journa-p2-21%9.png,0,0.4069767441860465,1,0.9861111111111112,1,0.8282624886550383,,,,
covid_Comparison_of_different_samples_for_2019_novel_cor_2020_International_Journa_p2_21_10,Comparison-of-different-samples-for-2019-novel-cor_2020_International-Journa-p2-21%10.png,COVID,1,test,/Users/samehissa/Downloads/COVID-CT-Dataset-master/Images-processed/CT_COVID/Comparison-of-different-samples-for-2019-novel-cor_2020_International-Journa-p2-21%10.png,0,0.49747474747474746,1,0.9861111111111112,1,0.8260180959475972,,,,
covid_Comparison_of_different_samples_for_2019_novel_cor_2020_International_Journa_p2_21_11,Comparison-of-different-samples-for-2019-novel-cor_2020_International-Journa-p2-21%11.png,COVID,1,test,/Users/samehissa/Downloads/COVID-CT-Dataset-master/Images-processed/CT_COVID/Comparison-of-different-samples-for-2019-novel-cor_2020_International-Journa-p2-21%11.png,0,0.25384615384615383,0,0.2482758620689655,0,0.28645077401312397,,,,
covid_ehaa254_p0_63_2,ehaa254-p0-63%2.png,COVID,1,test,/Users/samehissa/Downloads/COVID-CT-Dataset-master/Images-processed/CT_COVID/ehaa254-p0-63%2.png,0,0.49747474747474746,0,0.0136986301369863,0,0.11594234799723345,,,,
covid_ehaa254_p0_63_3,ehaa254-p0-63%3.png,COVID,1,test,/Users/samehissa/Downloads/COVID-CT-Dataset-master/Images-processed/CT_COVID/ehaa254-p0-63%3.png,1,0.9016393442622951,0,0.10714285714285714,0,0.16828370661657557,,,,
covid_impact_of_covid19_infection_on_pregnancy_outcomes_and_the_risk_of_maternaltoneonatal_intrapartum_transmission_of_covid19_during_natural_birth_p8_41_1,impact_of_covid19_infection_on_pregnancy_outcomes_and_the_risk_of_maternaltoneonatal_intrapartum_transmission_of_covid19_during_natural_birth-p8-41%1.png,COVID,1,test,/Users/samehissa/Downloads/COVID-CT-Dataset-master/Images-processed/CT_COVID/impact_of_covid19_infection_on_pregnancy_outcomes_and_the_risk_of_maternaltoneonatal_intrapartum_transmission_of_covid19_during_natural_birth-p8-41%1.png,0,0.49747474747474746,1,0.9861111111111112,1,0.7995818458069096,,,,
covid_impact_of_covid19_infection_on_pregnancy_outcomes_and_the_risk_of_maternaltoneonatal_intrapartum_transmission_of_covid19_during_natural_birth_p8_41_3,impact_of_covid19_infection_on_pregnancy_outcomes_and_the_risk_of_maternaltoneonatal_intrapartum_transmission_of_covid19_during_natural_birth-p8-41%3.png,COVID,1,test,/Users/samehissa/Downloads/COVID-CT-Dataset-master/Images-processed/CT_COVID/impact_of_covid19_infection_on_pregnancy_outcomes_and_the_risk_of_maternaltoneonatal_intrapartum_transmission_of_covid19_during_natural_birth-p8-41%3.png,0,0.25384615384615383,1,0.9861111111111112,1,0.7953752399099812,,,,
covid_impact_of_covid19_infection_on_pregnancy_outcomes_and_the_risk_of_maternaltoneonatal_intrapartum_transmission_of_covid19_during_natural_birth_p8_41_5,impact_of_covid19_infection_on_pregnancy_outcomes_and_the_risk_of_maternaltoneonatal_intrapartum_transmission_of_covid19_during_natural_birth-p8-41%5.png,COVID,1,test,/Users/samehissa/Downloads/COVID-CT-Dataset-master/Images-processed/CT_COVID/impact_of_covid19_infection_on_pregnancy_outcomes_and_the_risk_of_maternaltoneonatal_intrapartum_transmission_of_covid19_during_natural_birth-p8-41%5.png,0,0.49747474747474746,1,0.9861111111111112,1,0.8849226734102279,,,,
covid_kjr_21_e24_p2_8,kjr-21-e24-p2-8.png,COVID,1,test,/Users/samehissa/Downloads/COVID-CT-Dataset-master/Images-processed/CT_COVID/kjr-21-e24-p2-8.png,0,0.25384615384615383,0,0.0136986301369863,0,0.16877276360455246,,,,
covid_kjr_21_e25_p1_6,kjr-21-e25-p1-6.png,COVID,1,test,/Users/samehissa/Downloads/COVID-CT-Dataset-master/Images-processed/CT_COVID/kjr-21-e25-p1-6.png,1,0.5764705882352941,1,0.9861111111111112,1,0.758086980710426,,,,
covid_kjr_21_e25_p1_8,kjr-21-e25-p1-8.png,COVID,1,test,/Users/samehissa/Downloads/COVID-CT-Dataset-master/Images-processed/CT_COVID/kjr-21-e25-p1-8.png,1,0.5764705882352941,1,0.9861111111111112,1,0.8293801979416964,,,,
covid_kjr_21_e25_p1_10,kjr-21-e25-p1-10.png,COVID,1,test,/Users/samehissa/Downloads/COVID-CT-Dataset-master/Images-processed/CT_COVID/kjr-21-e25-p1-10.png,1,0.5764705882352941,1,0.9861111111111112,1,0.8178336573794213,,,,
covid_kjr_21_e25_p1_12,kjr-21-e25-p1-12.png,COVID,1,test,/Users/samehissa/Downloads/COVID-CT-Dataset-master/Images-processed/CT_COVID/kjr-21-e25-p1-12.png,1,0.76,1,0.7345132743362832,1,0.6415745551351731,,,,
covid_kjr_21_e25_p1_14,kjr-21-e25-p1-14.png,COVID,1,test,/Users/samehissa/Downloads/COVID-CT-Dataset-master/Images-processed/CT_COVID/kjr-21-e25-p1-14.png,0,0.49747474747474746,0,0.2482758620689655,0,0.37030977350329863,,,,
covid_med_9780198814924_chapter_17_p10_515,med-9780198814924-chapter-17-p10-515.png,COVID,1,test,/Users/samehissa/Downloads/COVID-CT-Dataset-master/Images-processed/CT_COVID/med-9780198814924-chapter-17-p10-515.png,1,0.5555555555555556,1,0.9861111111111112,1,0.7416875069921351,,,,
covid_Ni2020_Article_CombinationOfWesternMedicineAn_p3_10_0,Ni2020_Article_CombinationOfWesternMedicineAn-p3-10%0.png,COVID,1,test,/Users/samehissa/Downloads/COVID-CT-Dataset-master/Images-processed/CT_COVID/Ni2020_Article_CombinationOfWesternMedicineAn-p3-10%0.png,0,0.4069767441860465,1,0.9861111111111112,1,0.772620860448496,,,,
covid_Ni2020_Article_CombinationOfWesternMedicineAn_p3_10_1,Ni2020_Article_CombinationOfWesternMedicineAn-p3-10%1.png,COVID,1,test,/Users/samehissa/Downloads/COVID-CT-Dataset-master/Images-processed/CT_COVID/Ni2020_Article_CombinationOfWesternMedicineAn-p3-10%1.png,0,0.4069767441860465,1,0.9861111111111112,1,0.7471871482108926,,,,
covid_Ni2020_Article_CombinationOfWesternMedicineAn_p4_13_0,Ni2020_Article_CombinationOfWesternMedicineAn-p4-13%0.png,COVID,1,test,/Users/samehissa/Downloads/COVID-CT-Dataset-master/Images-processed/CT_COVID/Ni2020_Article_CombinationOfWesternMedicineAn-p4-13%0.png,1,0.76,1,0.7345132743362832,1,0.6709602437680818,,,,
covid_Ni2020_Article_CombinationOfWesternMedicineAn_p4_13_1,Ni2020_Article_CombinationOfWesternMedicineAn-p4-13%1.png,COVID,1,test,/Users/samehissa/Downloads/COVID-CT-Dataset-master/Images-processed/CT_COVID/Ni2020_Article_CombinationOfWesternMedicineAn-p4-13%1.png,1,0.76,1,0.9861111111111112,1,0.7508164429179298,,,,
covid_PIIS0140673620301549_0_0,PIIS0140673620301549_0%0.png,COVID,1,test,/Users/samehissa/Downloads/COVID-CT-Dataset-master/Images-processed/CT_COVID/PIIS0140673620301549_0%0.png,1,0.5764705882352941,1,0.9861111111111112,1,0.7412535542529718,,,,
covid_PIIS0140673620301549_0_1,PIIS0140673620301549_0%1.png,COVID,1,test,/Users/samehissa/Downloads/COVID-CT-Dataset-master/Images-processed/CT_COVID/PIIS0140673620301549_0%1.png,1,0.76,1,0.7345132743362832,0,0.5018094790826347,,,,
covid_PIIS0140673620301549_1,PIIS0140673620301549_1.png,COVID,1,test,/Users/samehissa/Downloads/COVID-CT-Dataset-master/Images-processed/CT_COVID/PIIS0140673620301549_1.png,1,0.76,1,0.9861111111111112,1,0.8646201155532357,,,,
covid_PIIS0140673620301549_2,PIIS0140673620301549_2.png,COVID,1,test,/Users/samehissa/Downloads/COVID-CT-Dataset-master/Images-processed/CT_COVID/PIIS0140673620301549_2.png,0,0.4069767441860465,1,0.9861111111111112,1,0.8025559887101446,,,,
covid_PIIS0140673620302117_1,PIIS0140673620302117_1.png,COVID,1,test,/Users/samehissa/Downloads/COVID-CT-Dataset-master/Images-processed/CT_COVID/PIIS0140673620302117_1.png,0,0.49747474747474746,1,0.9861111111111112,1,0.8478040617085807,,,,
covid_PIIS0140673620302117_2,PIIS0140673620302117_2.png,COVID,1,test,/Users/samehissa/Downloads/COVID-CT-Dataset-master/Images-processed/CT_COVID/PIIS0140673620302117_2.png,1,0.76,0,0.2857142857142857,0,0.3467688243263329,,,,
covid_PIIS0140673620303603_0,PIIS0140673620303603%0.png,COVID,1,test,/Users/samehissa/Downloads/COVID-CT-Dataset-master/Images-processed/CT_COVID/PIIS0140673620303603%0.png,0,0.25384615384615383,1,0.8387096774193549,1,0.780813084553246,,,,
covid_PIIS0140673620303603_1,PIIS0140673620303603%1.png,COVID,1,test,/Users/samehissa/Downloads/COVID-CT-Dataset-master/Images-processed/CT_COVID/PIIS0140673620303603%1.png,0,0.13333333333333333,1,0.8387096774193549,1,0.7472615254692553,,,,
covid_PIIS0140673620303603_2,PIIS0140673620303603%2.png,COVID,1,test,/Users/samehissa/Downloads/COVID-CT-Dataset-master/Images-processed/CT_COVID/PIIS0140673620303603%2.png,0,0.49747474747474746,0,0.2482758620689655,0,0.3902502168580788,,,,
covid_PIIS0140673620303603_3,PIIS0140673620303603%3.png,COVID,1,test,/Users/samehissa/Downloads/COVID-CT-Dataset-master/Images-processed/CT_COVID/PIIS0140673620303603%3.png,0,0.25384615384615383,1,0.7345132743362832,0,0.4523012491682791,,,,
covid_PIIS0140673620303603_4,PIIS0140673620303603%4.png,COVID,1,test,/Users/samehissa/Downloads/COVID-CT-Dataset-master/Images-processed/CT_COVID/PIIS0140673620303603%4.png,0,0.49747474747474746,1,0.8387096774193549,1,0.8106491881054859,,,,
covid_PIIS0140673620303603_5,PIIS0140673620303603%5.png,COVID,1,test,/Users/samehissa/Downloads/COVID-CT-Dataset-master/Images-processed/CT_COVID/PIIS0140673620303603%5.png,0,0.4069767441860465,1,0.8387096774193549,1,0.806598547001084,,,,
covid_PIIS0140673620303603_6,PIIS0140673620303603%6.png,COVID,1,test,/Users/samehissa/Downloads/COVID-CT-Dataset-master/Images-processed/CT_COVID/PIIS0140673620303603%6.png,0,0.25384615384615383,1,0.7345132743362832,1,0.7013661843227412,,,,
covid_PIIS0140673620303603_7,PIIS0140673620303603%7.png,COVID,1,test,/Users/samehissa/Downloads/COVID-CT-Dataset-master/Images-processed/CT_COVID/PIIS0140673620303603%7.png,0,0.4069767441860465,1,0.9861111111111112,1,0.7674107429268939,,,,
covid_PIIS0140673620303603_8,PIIS0140673620303603%8.png,COVID,1,test,/Users/samehissa/Downloads/COVID-CT-Dataset-master/Images-processed/CT_COVID/PIIS0140673620303603%8.png,0,0.4069767441860465,1,0.9861111111111112,1,0.7346499080852807,,,,
covid_Recurrence_of_positive_SARS_CoV_2_RNA_in_C_2020_International_Journal_of_Inf_p1_21_0,Recurrence-of-positive-SARS-CoV-2-RNA-in-C_2020_International-Journal-of-Inf-p1-21%0.png,COVID,1,test,/Users/samehissa/Downloads/COVID-CT-Dataset-master/Images-processed/CT_COVID/Recurrence-of-positive-SARS-CoV-2-RNA-in-C_2020_International-Journal-of-Inf-p1-21%0.png,0,0.13333333333333333,1,0.7345132743362832,0,0.5142448664128021,,,,
covid_Recurrence_of_positive_SARS_CoV_2_RNA_in_C_2020_International_Journal_of_Inf_p1_21_1,Recurrence-of-positive-SARS-CoV-2-RNA-in-C_2020_International-Journal-of-Inf-p1-21%1.png,COVID,1,test,/Users/samehissa/Downloads/COVID-CT-Dataset-master/Images-processed/CT_COVID/Recurrence-of-positive-SARS-CoV-2-RNA-in-C_2020_International-Journal-of-Inf-p1-21%1.png,0,0.49747474747474746,1,0.9861111111111112,1,0.8196707586853231,,,,
covid_Talaromyces_marneffei_infection_relapse_presenting_as_ost_2020_International_p1_12_0,Talaromyces-marneffei-infection-relapse-presenting-as-ost_2020_International-p1-12%0.png,COVID,1,test,/Users/samehissa/Downloads/COVID-CT-Dataset-master/Images-processed/CT_COVID/Talaromyces-marneffei-infection-relapse-presenting-as-ost_2020_International-p1-12%0.png,0,0.25384615384615383,0,0.2482758620689655,0,0.2489220220062883,,,,
covid_Talaromyces_marneffei_infection_relapse_presenting_as_ost_2020_International_p1_12_1,Talaromyces-marneffei-infection-relapse-presenting-as-ost_2020_International-p1-12%1.png,COVID,1,test,/Users/samehissa/Downloads/COVID-CT-Dataset-master/Images-processed/CT_COVID/Talaromyces-marneffei-infection-relapse-presenting-as-ost_2020_International-p1-12%1.png,0,0.4069767441860465,0,0.2482758620689655,0,0.2677380125105272,,,,
covid_Talaromyces_marneffei_infection_relapse_presenting_as_ost_2020_International_p1_12_2,Talaromyces-marneffei-infection-relapse-presenting-as-ost_2020_International-p1-12%2.png,COVID,1,test,/Users/samehissa/Downloads/COVID-CT-Dataset-master/Images-processed/CT_COVID/Talaromyces-marneffei-infection-relapse-presenting-as-ost_2020_International-p1-12%2.png,0,0.4069767441860465,0,0.10714285714285714,0,0.19210437387947327,,,,
covid_Talaromyces_marneffei_infection_relapse_presenting_as_ost_2020_International_p1_12_3,Talaromyces-marneffei-infection-relapse-presenting-as-ost_2020_International-p1-12%3.png,COVID,1,test,/Users/samehissa/Downloads/COVID-CT-Dataset-master/Images-processed/CT_COVID/Talaromyces-marneffei-infection-relapse-presenting-as-ost_2020_International-p1-12%3.png,0,0.4069767441860465,0,0.10714285714285714,0,0.1902025162251027,,,,
covid_kjr_21_e24_p3_16,kjr-21-e24-p3-16.png,COVID,1,test,/Users/samehissa/Downloads/COVID-CT-Dataset-master/Images-processed/CT_COVID/kjr-21-e24-p3-16.png,0,0.49747474747474746,1,0.9861111111111112,1,0.8257212343455752,,,,
covid_kjr_21_e24_p5_29,kjr-21-e24-p5-29.png,COVID,1,test,/Users/samehissa/Downloads/COVID-CT-Dataset-master/Images-processed/CT_COVID/kjr-21-e24-p5-29.png,1,0.5555555555555556,0,0.2482758620689655,0,0.2678468332362469,,,,
covid_kjr_21_e24_p5_31,kjr-21-e24-p5-31.png,COVID,1,test,/Users/samehissa/Downloads/COVID-CT-Dataset-master/Images-processed/CT_COVID/kjr-21-e24-p5-31.png,1,0.76,0,0.2482758620689655,0,0.30555875054308956,,,,
noncovid_112,112.png,NonCOVID,0,test,/Users/samehissa/Downloads/COVID-CT-Dataset-master/Images-processed/CT_NonCOVID/112.png,0,0.25384615384615383,0,0.0136986301369863,0,0.09640739275495884,,,,
noncovid_166,166.png,NonCOVID,0,test,/Users/samehissa/Downloads/COVID-CT-Dataset-master/Images-processed/CT_NonCOVID/166.png,0,0.4069767441860465,0,0.0136986301369863,0,0.08317771267257537,,,,
noncovid_167,167.png,NonCOVID,0,test,/Users/samehissa/Downloads/COVID-CT-Dataset-master/Images-processed/CT_NonCOVID/167.png,0,0.4069767441860465,0,0.0136986301369863,0,0.09335995859778466,,,,
noncovid_176,176.png,NonCOVID,0,test,/Users/samehissa/Downloads/COVID-CT-Dataset-master/Images-processed/CT_NonCOVID/176.png,0,0.25384615384615383,0,0.0136986301369863,0,0.1291685529639176,,,,
noncovid_177,177.png,NonCOVID,0,test,/Users/samehissa/Downloads/COVID-CT-Dataset-master/Images-processed/CT_NonCOVID/177.png,0,0.25384615384615383,0,0.2482758620689655,0,0.3212483782742642,,,,
noncovid_452,452.png,NonCOVID,0,test,/Users/samehissa/Downloads/COVID-CT-Dataset-master/Images-processed/CT_NonCOVID/452.png,0,0.49747474747474746,1,0.9861111111111112,1,0.6869066165900178,,,,
noncovid_583,583.png,NonCOVID,0,test,/Users/samehissa/Downloads/COVID-CT-Dataset-master/Images-processed/CT_NonCOVID/583.png,0,0.4069767441860465,0,0.0136986301369863,0,0.07685335616163338,,,,
noncovid_584,584.png,NonCOVID,0,test,/Users/samehissa/Downloads/COVID-CT-Dataset-master/Images-processed/CT_NonCOVID/584.png,0,0.4069767441860465,0,0.10714285714285714,0,0.1636163391684032,,,,
noncovid_590,590.png,NonCOVID,0,test,/Users/samehissa/Downloads/COVID-CT-Dataset-master/Images-processed/CT_NonCOVID/590.png,0,0.49747474747474746,0,0.2482758620689655,0,0.2958954412360082,,,,
noncovid_591,591.png,NonCOVID,0,test,/Users/samehissa/Downloads/COVID-CT-Dataset-master/Images-processed/CT_NonCOVID/591.png,0,0.49747474747474746,0,0.2482758620689655,0,0.3020160767577003,,,,
noncovid_592,592.png,NonCOVID,0,test,/Users/samehissa/Downloads/COVID-CT-Dataset-master/Images-processed/CT_NonCOVID/592.png,0,0.49747474747474746,0,0.0136986301369863,0,0.16299867534927806,,,,
noncovid_658,658.png,NonCOVID,0,test,/Users/samehissa/Downloads/COVID-CT-Dataset-master/Images-processed/CT_NonCOVID/658.png,0,0.4069767441860465,1,0.9861111111111112,1,0.7328964520339487,,,,
noncovid_660,660.png,NonCOVID,0,test,/Users/samehissa/Downloads/COVID-CT-Dataset-master/Images-processed/CT_NonCOVID/660.png,0,0.13333333333333333,1,0.7345132743362832,0,0.5394250936140433,,,,
noncovid_661,661.png,NonCOVID,0,test,/Users/samehissa/Downloads/COVID-CT-Dataset-master/Images-processed/CT_NonCOVID/661.png,0,0.13333333333333333,1,0.7345132743362832,0,0.4999908439046926,,,,
noncovid_662,662.png,NonCOVID,0,test,/Users/samehissa/Downloads/COVID-CT-Dataset-master/Images-processed/CT_NonCOVID/662.png,0,0.13333333333333333,1,0.7345132743362832,0,0.4965411710439262,,,,
noncovid_663,663.png,NonCOVID,0,test,/Users/samehissa/Downloads/COVID-CT-Dataset-master/Images-processed/CT_NonCOVID/663.png,0,0.13333333333333333,1,0.7345132743362832,0,0.5568584050279102,,,,
noncovid_848,848.png,NonCOVID,0,test,/Users/samehissa/Downloads/COVID-CT-Dataset-master/Images-processed/CT_NonCOVID/848.png,0,0.25384615384615383,0,0.0136986301369863,0,0.06940810851154831,,,,
noncovid_849,849.png,NonCOVID,0,test,/Users/samehissa/Downloads/COVID-CT-Dataset-master/Images-processed/CT_NonCOVID/849.png,0,0.49747474747474746,0,0.0136986301369863,0,0.08803824980449802,,,,
noncovid_969,969.png,NonCOVID,0,test,/Users/samehissa/Downloads/COVID-CT-Dataset-master/Images-processed/CT_NonCOVID/969.png,1,0.76,0,0.2482758620689655,0,0.30135694619579884,,,,
noncovid_996,996.png,NonCOVID,0,test,/Users/samehissa/Downloads/COVID-CT-Dataset-master/Images-processed/CT_NonCOVID/996.png,0,0.25384615384615383,0,0.2482758620689655,0,0.20788532152041328,,,,
noncovid_997,997.png,NonCOVID,0,test,/Users/samehissa/Downloads/COVID-CT-Dataset-master/Images-processed/CT_NonCOVID/997.png,0,0.4069767441860465,0,0.0136986301369863,0,0.15511992771228134,,,,
noncovid_1046,1046.png,NonCOVID,0,test,/Users/samehissa/Downloads/COVID-CT-Dataset-master/Images-processed/CT_NonCOVID/1046.png,0,0.4069767441860465,0,0.2482758620689655,0,0.21839711344833293,,,,
noncovid_1047,1047.png,NonCOVID,0,test,/Users/samehissa/Downloads/COVID-CT-Dataset-master/Images-processed/CT_NonCOVID/1047.png,0,0.4069767441860465,0,0.2482758620689655,0,0.23988002547741374,,,,
noncovid_1048,1048.png,NonCOVID,0,test,/Users/samehissa/Downloads/COVID-CT-Dataset-master/Images-processed/CT_NonCOVID/1048.png,0,0.4069767441860465,0,0.10714285714285714,0,0.18125822963092994,,,,
noncovid_1049,1049.png,NonCOVID,0,test,/Users/samehissa/Downloads/COVID-CT-Dataset-master/Images-processed/CT_NonCOVID/1049.png,0,0.49747474747474746,0,0.10714285714285714,0,0.23615578010664154,,,,
noncovid_1050,1050.png,NonCOVID,0,test,/Users/samehissa/Downloads/COVID-CT-Dataset-master/Images-processed/CT_NonCOVID/1050.png,0,0.25384615384615383,0,0.2482758620689655,0,0.2617830333796329,,,,
noncovid_1078,1078.png,NonCOVID,0,test,/Users/samehissa/Downloads/COVID-CT-Dataset-master/Images-processed/CT_NonCOVID/1078.png,0,0.4069767441860465,0,0.2482758620689655,0,0.2239530839622945,,,,
noncovid_1079,1079.png,NonCOVID,0,test,/Users/samehissa/Downloads/COVID-CT-Dataset-master/Images-processed/CT_NonCOVID/1079.png,0,0.4069767441860465,0,0.2482758620689655,0,0.21757243914273192,,,,
noncovid_1098,1098.png,NonCOVID,0,test,/Users/samehissa/Downloads/COVID-CT-Dataset-master/Images-processed/CT_NonCOVID/1098.png,1,0.5764705882352941,0,0.10714285714285714,0,0.23016970772089096,,,,
noncovid_1210,1210.png,NonCOVID,0,test,/Users/samehissa/Downloads/COVID-CT-Dataset-master/Images-processed/CT_NonCOVID/1210.png,0,0.4069767441860465,0,0.2482758620689655,0,0.23705381663570735,,,,
noncovid_1211,1211.png,NonCOVID,0,test,/Users/samehissa/Downloads/COVID-CT-Dataset-master/Images-processed/CT_NonCOVID/1211.png,1,0.5764705882352941,1,0.7345132743362832,0,0.4146357231802062,,,,
noncovid_1212,1212.png,NonCOVID,0,test,/Users/samehissa/Downloads/COVID-CT-Dataset-master/Images-processed/CT_NonCOVID/1212.png,0,0.4069767441860465,0,0.2482758620689655,0,0.21405412587520015,,,,
noncovid_1213,1213.png,NonCOVID,0,test,/Users/samehissa/Downloads/COVID-CT-Dataset-master/Images-processed/CT_NonCOVID/1213.png,0,0.4069767441860465,1,0.7345132743362832,0,0.4889524564982817,,,,
noncovid_1214,1214.png,NonCOVID,0,test,/Users/samehissa/Downloads/COVID-CT-Dataset-master/Images-processed/CT_NonCOVID/1214.png,0,0.4069767441860465,1,0.7345132743362832,0,0.5690104047170964,,,,
noncovid_1215,1215.png,NonCOVID,0,test,/Users/samehissa/Downloads/COVID-CT-Dataset-master/Images-processed/CT_NonCOVID/1215.png,0,0.4069767441860465,0,0.2857142857142857,0,0.4159122096045349,,,,
noncovid_1216,1216.png,NonCOVID,0,test,/Users/samehissa/Downloads/COVID-CT-Dataset-master/Images-processed/CT_NonCOVID/1216.png,0,0.4069767441860465,0,0.2482758620689655,0,0.3588412558506825,,,,
noncovid_1217,1217.png,NonCOVID,0,test,/Users/samehissa/Downloads/COVID-CT-Dataset-master/Images-processed/CT_NonCOVID/1217.png,0,0.4069767441860465,0,0.2857142857142857,0,0.4183347267164491,,,,
noncovid_1218,1218.png,NonCOVID,0,test,/Users/samehissa/Downloads/COVID-CT-Dataset-master/Images-processed/CT_NonCOVID/1218.png,0,0.4069767441860465,1,0.9861111111111112,1,0.6480013884943295,,,,
noncovid_1238,1238.png,NonCOVID,0,test,/Users/samehissa/Downloads/COVID-CT-Dataset-master/Images-processed/CT_NonCOVID/1238.png,0,0.4069767441860465,0,0.0136986301369863,0,0.11289267099497323,,,,
noncovid_1497,1497.png,NonCOVID,0,test,/Users/samehissa/Downloads/COVID-CT-Dataset-master/Images-processed/CT_NonCOVID/1497.png,0,0.49747474747474746,0,0.0136986301369863,0,0.10638954826409551,,,,
noncovid_1498,1498.png,NonCOVID,0,test,/Users/samehissa/Downloads/COVID-CT-Dataset-master/Images-processed/CT_NonCOVID/1498.png,0,0.49747474747474746,0,0.0136986301369863,0,0.08680690692093844,,,,
noncovid_1499,1499.png,NonCOVID,0,test,/Users/samehissa/Downloads/COVID-CT-Dataset-master/Images-processed/CT_NonCOVID/1499.png,0,0.25384615384615383,0,0.0136986301369863,0,0.12148460813730483,,,,
noncovid_1500,1500.png,NonCOVID,0,test,/Users/samehissa/Downloads/COVID-CT-Dataset-master/Images-processed/CT_NonCOVID/1500.png,1,0.5764705882352941,1,0.7345132743362832,0,0.3696747069252786,,,,
noncovid_1501,1501.png,NonCOVID,0,test,/Users/samehissa/Downloads/COVID-CT-Dataset-master/Images-processed/CT_NonCOVID/1501.png,1,0.5764705882352941,0,0.0136986301369863,0,0.1434841042925864,,,,
noncovid_1814,1814.png,NonCOVID,0,test,/Users/samehissa/Downloads/COVID-CT-Dataset-master/Images-processed/CT_NonCOVID/1814.png,0,0.25384615384615383,0,0.0136986301369863,0,0.09734420741114722,,,,
noncovid_1857,1857.png,NonCOVID,0,test,/Users/samehissa/Downloads/COVID-CT-Dataset-master/Images-processed/CT_NonCOVID/1857.png,0,0.25384615384615383,1,0.7345132743362832,0,0.6078056125055703,,,,
noncovid_1858,1858.png,NonCOVID,0,test,/Users/samehissa/Downloads/COVID-CT-Dataset-master/Images-processed/CT_NonCOVID/1858.png,0,0.30434782608695654,0,0.2482758620689655,0,0.286531157975025,,,,
noncovid_1859,1859.png,NonCOVID,0,test,/Users/samehissa/Downloads/COVID-CT-Dataset-master/Images-processed/CT_NonCOVID/1859.png,0,0.4069767441860465,1,0.7345132743362832,0,0.2896730782122447,,,,
noncovid_1919,1919.png,NonCOVID,0,test,/Users/samehissa/Downloads/COVID-CT-Dataset-master/Images-processed/CT_NonCOVID/1919.png,0,0.49747474747474746,1,0.7345132743362832,0,0.6278235357226779,,,,
noncovid_2108,2108.png,NonCOVID,0,test,/Users/samehissa/Downloads/COVID-CT-Dataset-master/Images-processed/CT_NonCOVID/2108.png,0,0.49747474747474746,1,0.7345132743362832,0,0.3819949371892781,,,,
noncovid_2237,2237.png,NonCOVID,0,test,/Users/samehissa/Downloads/COVID-CT-Dataset-master/Images-processed/CT_NonCOVID/2237.png,0,0.49747474747474746,1,0.8387096774193549,1,0.8146193175888753,,,,
noncovid_2341,2341.png,NonCOVID,0,test,/Users/samehissa/Downloads/COVID-CT-Dataset-master/Images-processed/CT_NonCOVID/2341.png,0,0.25384615384615383,0,0.0136986301369863,0,0.11467709586383559,,,,
noncovid_0,0.jpg,NonCOVID,0,test,/Users/samehissa/Downloads/COVID-CT-Dataset-master/Images-processed/CT_NonCOVID/0.jpg,0,0.49747474747474746,0,0.0136986301369863,0,0.11493497421373286,,,,
noncovid_1_0,1%0.jpg,NonCOVID,0,test,/Users/samehissa/Downloads/COVID-CT-Dataset-master/Images-processed/CT_NonCOVID/1%0.jpg,0,0.49747474747474746,0,0.2857142857142857,0,0.40365109244827313,,,,
noncovid_1_1,1%1.jpg,NonCOVID,0,test,/Users/samehissa/Downloads/COVID-CT-Dataset-master/Images-processed/CT_NonCOVID/1%1.jpg,0,0.49747474747474746,0,0.2482758620689655,0,0.3522582491822882,,,,
noncovid_1_2,1%2.jpg,NonCOVID,0,test,/Users/samehissa/Downloads/COVID-CT-Dataset-master/Images-processed/CT_NonCOVID/1%2.jpg,1,0.9016393442622951,1,0.5909090909090909,0,0.402785249031457,,,,
noncovid_10_0,10%0.jpg,NonCOVID,0,test,/Users/samehissa/Downloads/COVID-CT-Dataset-master/Images-processed/CT_NonCOVID/10%0.jpg,0,0.30434782608695654,0,0.2857142857142857,0,0.49373531859785946,,,,
noncovid_10_1,10%1.jpg,NonCOVID,0,test,/Users/samehissa/Downloads/COVID-CT-Dataset-master/Images-processed/CT_NonCOVID/10%1.jpg,1,0.76,0,0.2482758620689655,0,0.2731564499149241,,,,
noncovid_10_2,10%2.jpg,NonCOVID,0,test,/Users/samehissa/Downloads/COVID-CT-Dataset-master/Images-processed/CT_NonCOVID/10%2.jpg,1,0.76,0,0.2482758620689655,0,0.3311721893806823,,,,
noncovid_11_0,11%0.jpg,NonCOVID,0,test,/Users/samehissa/Downloads/COVID-CT-Dataset-master/Images-processed/CT_NonCOVID/11%0.jpg,0,0.49747474747474746,0,0.2482758620689655,0,0.4231895599251691,,,,
noncovid_11_1,11%1.jpg,NonCOVID,0,test,/Users/samehissa/Downloads/COVID-CT-Dataset-master/Images-processed/CT_NonCOVID/11%1.jpg,0,0.4069767441860465,0,0.2857142857142857,0,0.453761513893988,,,,
noncovid_11_2,11%2.jpg,NonCOVID,0,test,/Users/samehissa/Downloads/COVID-CT-Dataset-master/Images-processed/CT_NonCOVID/11%2.jpg,1,0.5764705882352941,1,0.9861111111111112,1,0.7160889447873665,,,,
noncovid_12,12.jpg,NonCOVID,0,test,/Users/samehissa/Downloads/COVID-CT-Dataset-master/Images-processed/CT_NonCOVID/12.jpg,0,0.4069767441860465,1,0.9861111111111112,1,0.7165950166066364,,,,
noncovid_13,13.jpg,NonCOVID,0,test,/Users/samehissa/Downloads/COVID-CT-Dataset-master/Images-processed/CT_NonCOVID/13.jpg,1,0.5764705882352941,0,0.2482758620689655,0,0.23068889845826837,,,,
noncovid_14_0,14%0.jpg,NonCOVID,0,test,/Users/samehissa/Downloads/COVID-CT-Dataset-master/Images-processed/CT_NonCOVID/14%0.jpg,0,0.13333333333333333,0,0.0136986301369863,0,0.1303792480342768,,,,
noncovid_14_1,14%1.jpg,NonCOVID,0,test,/Users/samehissa/Downloads/COVID-CT-Dataset-master/Images-processed/CT_NonCOVID/14%1.jpg,1,0.5764705882352941,1,0.5909090909090909,0,0.2517715339206057,,,,
noncovid_14_2,14%2.jpg,NonCOVID,0,test,/Users/samehissa/Downloads/COVID-CT-Dataset-master/Images-processed/CT_NonCOVID/14%2.jpg,0,0.4069767441860465,1,0.9861111111111112,1,0.8301081435159625,,,,
noncovid_14_3,14%3.jpg,NonCOVID,0,test,/Users/samehissa/Downloads/COVID-CT-Dataset-master/Images-processed/CT_NonCOVID/14%3.jpg,0,0.49747474747474746,0,0.0136986301369863,0,0.14114745853091762,,,,
noncovid_15_0,15%0.jpg,NonCOVID,0,test,/Users/samehissa/Downloads/COVID-CT-Dataset-master/Images-processed/CT_NonCOVID/15%0.jpg,1,0.9016393442622951,1,0.7345132743362832,0,0.4176018995453086,,,,
noncovid_15_1,15%1.jpg,NonCOVID,0,test,/Users/samehissa/Downloads/COVID-CT-Dataset-master/Images-processed/CT_NonCOVID/15%1.jpg,0,0.375,1,0.5909090909090909,0,0.21842056695381443,,,,
noncovid_15_2,15%2.jpg,NonCOVID,0,test,/Users/samehissa/Downloads/COVID-CT-Dataset-master/Images-processed/CT_NonCOVID/15%2.jpg,1,0.5764705882352941,0,0.0136986301369863,0,0.16256571981666307,,,,
noncovid_15_3,15%3.jpg,NonCOVID,0,test,/Users/samehissa/Downloads/COVID-CT-Dataset-master/Images-processed/CT_NonCOVID/15%3.jpg,1,0.76,1,0.9861111111111112,1,0.7726660551843366,,,,
noncovid_16,16.jpg,NonCOVID,0,test,/Users/samehissa/Downloads/COVID-CT-Dataset-master/Images-processed/CT_NonCOVID/16.jpg,0,0.49747474747474746,1,0.7345132743362832,0,0.5483251619625401,,,,
noncovid_17_0,17%0.jpg,NonCOVID,0,test,/Users/samehissa/Downloads/COVID-CT-Dataset-master/Images-processed/CT_NonCOVID/17%0.jpg,0,0.30434782608695654,0,0.2482758620689655,0,0.19939375647033403,,,,
noncovid_17_1,17%1.jpg,NonCOVID,0,test,/Users/samehissa/Downloads/COVID-CT-Dataset-master/Images-processed/CT_NonCOVID/17%1.jpg,0,0.49747474747474746,0,0.2482758620689655,0,0.2861861755950342,,,,
noncovid_18_0,18%0.jpg,NonCOVID,0,test,/Users/samehissa/Downloads/COVID-CT-Dataset-master/Images-processed/CT_NonCOVID/18%0.jpg,0,0.49747474747474746,1,0.7345132743362832,0,0.3556654972800858,,,,
noncovid_18_1,18%1.jpg,NonCOVID,0,test,/Users/samehissa/Downloads/COVID-CT-Dataset-master/Images-processed/CT_NonCOVID/18%1.jpg,0,0.30434782608695654,0,0.2482758620689655,0,0.33083355558503746,,,,
noncovid_18_2,18%2.jpg,NonCOVID,0,test,/Users/samehissa/Downloads/COVID-CT-Dataset-master/Images-processed/CT_NonCOVID/18%2.jpg,0,0.25384615384615383,0,0.2482758620689655,0,0.20814089854625267,,,,
noncovid_18_3,18%3.jpg,NonCOVID,0,test,/Users/samehissa/Downloads/COVID-CT-Dataset-master/Images-processed/CT_NonCOVID/18%3.jpg,0,0.49747474747474746,1,0.7345132743362832,0,0.29138329441126,,,,
noncovid_19_0,19%0.jpg,NonCOVID,0,test,/Users/samehissa/Downloads/COVID-CT-Dataset-master/Images-processed/CT_NonCOVID/19%0.jpg,1,0.5764705882352941,1,0.7345132743362832,0,0.3868958442333398,,,,
noncovid_19_1,19%1.jpg,NonCOVID,0,test,/Users/samehissa/Downloads/COVID-CT-Dataset-master/Images-processed/CT_NonCOVID/19%1.jpg,0,0.49747474747474746,0,0.2482758620689655,0,0.3858963537802854,,,,
noncovid_2_0,2%0.jpg,NonCOVID,0,test,/Users/samehissa/Downloads/COVID-CT-Dataset-master/Images-processed/CT_NonCOVID/2%0.jpg,1,0.76,1,0.7345132743362832,0,0.4407188108938566,,,,
noncovid_2_1,2%1.jpg,NonCOVID,0,test,/Users/samehissa/Downloads/COVID-CT-Dataset-master/Images-processed/CT_NonCOVID/2%1.jpg,1,0.76,0,0.2482758620689655,0,0.35993889312355465,,,,
noncovid_2_2,2%2.jpg,NonCOVID,0,test,/Users/samehissa/Downloads/COVID-CT-Dataset-master/Images-processed/CT_NonCOVID/2%2.jpg,1,0.76,1,0.9861111111111112,1,0.7450095685412222,,,,
noncovid_2_3,2%3.jpg,NonCOVID,0,test,/Users/samehissa/Downloads/COVID-CT-Dataset-master/Images-processed/CT_NonCOVID/2%3.jpg,1,0.76,1,0.7345132743362832,0,0.4172510961615899,,,,
noncovid_3,3.jpg,NonCOVID,0,test,/Users/samehissa/Downloads/COVID-CT-Dataset-master/Images-processed/CT_NonCOVID/3.jpg,1,0.5764705882352941,1,0.9861111111111112,1,0.8116184081967385,,,,
noncovid_4_1,4%1.jpg,NonCOVID,0,test,/Users/samehissa/Downloads/COVID-CT-Dataset-master/Images-processed/CT_NonCOVID/4%1.jpg,0,0.49747474747474746,1,0.7345132743362832,0,0.33337330005173876,,,,
noncovid_4_3,4%3.jpg,NonCOVID,0,test,/Users/samehissa/Downloads/COVID-CT-Dataset-master/Images-processed/CT_NonCOVID/4%3.jpg,0,0.49747474747474746,0,0.2857142857142857,0,0.5013742102580391,,,,
noncovid_4_5,4%5.jpg,NonCOVID,0,test,/Users/samehissa/Downloads/COVID-CT-Dataset-master/Images-processed/CT_NonCOVID/4%5.jpg,0,0.4069767441860465,0,0.2482758620689655,0,0.3425773287359885,,,,
noncovid_4_7,4%7.jpg,NonCOVID,0,test,/Users/samehissa/Downloads/COVID-CT-Dataset-master/Images-processed/CT_NonCOVID/4%7.jpg,0,0.25384615384615383,1,0.7345132743362832,0,0.6107563675170082,,,,
noncovid_5_0,5%0.jpg,NonCOVID,0,test,/Users/samehissa/Downloads/COVID-CT-Dataset-master/Images-processed/CT_NonCOVID/5%0.jpg,1,0.5764705882352941,1,0.9861111111111112,0,0.6229280313879846,,,,
noncovid_5_1,5%1.jpg,NonCOVID,0,test,/Users/samehissa/Downloads/COVID-CT-Dataset-master/Images-processed/CT_NonCOVID/5%1.jpg,0,0.49747474747474746,1,0.9861111111111112,1,0.7688873364701267,,,,
noncovid_5_2,5%2.jpg,NonCOVID,0,test,/Users/samehissa/Downloads/COVID-CT-Dataset-master/Images-processed/CT_NonCOVID/5%2.jpg,0,0.49747474747474746,1,0.9861111111111112,1,0.7330747026312129,,,,
noncovid_5_3,5%3.jpg,NonCOVID,0,test,/Users/samehissa/Downloads/COVID-CT-Dataset-master/Images-processed/CT_NonCOVID/5%3.jpg,0,0.49747474747474746,1,0.7345132743362832,1,0.632410631075662,,,,
noncovid_5_4,5%4.jpg,NonCOVID,0,test,/Users/samehissa/Downloads/COVID-CT-Dataset-master/Images-processed/CT_NonCOVID/5%4.jpg,0,0.49747474747474746,1,0.7345132743362832,0,0.49229428274588305,,,,
noncovid_5_5,5%5.jpg,NonCOVID,0,test,/Users/samehissa/Downloads/COVID-CT-Dataset-master/Images-processed/CT_NonCOVID/5%5.jpg,0,0.49747474747474746,1,0.9861111111111112,1,0.7114568634543859,,,,
noncovid_5_6,5%6.jpg,NonCOVID,0,test,/Users/samehissa/Downloads/COVID-CT-Dataset-master/Images-processed/CT_NonCOVID/5%6.jpg,0,0.49747474747474746,1,0.7345132743362832,0,0.6183919150901512,,,,
noncovid_5_7,5%7.jpg,NonCOVID,0,test,/Users/samehissa/Downloads/COVID-CT-Dataset-master/Images-processed/CT_NonCOVID/5%7.jpg,0,0.49747474747474746,1,0.9861111111111112,1,0.6868652808253252,,,,
noncovid_6_0,6%0.jpg,NonCOVID,0,test,/Users/samehissa/Downloads/COVID-CT-Dataset-master/Images-processed/CT_NonCOVID/6%0.jpg,1,0.5764705882352941,1,0.9861111111111112,1,0.8588806004438841,,,,
noncovid_6_1,6%1.jpg,NonCOVID,0,test,/Users/samehissa/Downloads/COVID-CT-Dataset-master/Images-processed/CT_NonCOVID/6%1.jpg,0,0.4069767441860465,1,0.9861111111111112,1,0.83127034941179,,,,
noncovid_6_2,6%2.jpg,NonCOVID,0,test,/Users/samehissa/Downloads/COVID-CT-Dataset-master/Images-processed/CT_NonCOVID/6%2.jpg,1,0.5764705882352941,1,0.9861111111111112,1,0.7244018980338643,,,,
noncovid_6_3,6%3.jpg,NonCOVID,0,test,/Users/samehissa/Downloads/COVID-CT-Dataset-master/Images-processed/CT_NonCOVID/6%3.jpg,1,0.76,1,0.9861111111111112,1,0.8038794511214918,,,,
noncovid_7,7.jpg,NonCOVID,0,test,/Users/samehissa/Downloads/COVID-CT-Dataset-master/Images-processed/CT_NonCOVID/7.jpg,1,0.5764705882352941,0,0.0136986301369863,0,0.13937068256533816,,,,
noncovid_8,8.jpg,NonCOVID,0,test,/Users/samehissa/Downloads/COVID-CT-Dataset-master/Images-processed/CT_NonCOVID/8.jpg,0,0.49747474747474746,1,0.9861111111111112,1,0.7327722760266696,,,,
noncovid_9,9.jpg,NonCOVID,0,test,/Users/samehissa/Downloads/COVID-CT-Dataset-master/Images-processed/CT_NonCOVID/9.jpg,0,0.49747474747474746,0,0.2482758620689655,0,0.41448194240929964,,,,
